dataset,model,n_features,n_samples,backend,library,computation_type,approximator,budget,n_eval,runtime_s,n_model_evals,mean_abs_diff,relative_mae,sign_agreement,mean_sample_rho,reference_backend
ames_housing,random_forest,4,1000,shap_approx,shap,approximation,kernel,64.0,50,0.1466,35100.0,0.0005507594136638,4.3379372914434675e-08,1.0,1.0,shap_true_value
ames_housing,random_forest,4,1000,shap_approx,shap,approximation,permutation,64.0,50,5.1247,131999.0,0.0005507594288717,4.3379374112251064e-08,1.0,1.0,shap_true_value
ames_housing,random_forest,4,1000,shapiq_approx,shapiq,approximation,kernel,64.0,50,1.9036,40051.0,0.0007036061813223,5.5418017681144214e-08,1.0,1.0,shap_true_value
ames_housing,random_forest,4,1000,shapiq_approx,shapiq,approximation,permutation,64.0,50,11.3078,155051.0,367.5880852778592,0.0289522797696603,0.9866666666666668,0.992,shap_true_value
ames_housing,random_forest,4,1000,lightshap_approx,lightshap,approximation,kernel,64.0,50,0.1188,30100.0,0.0005507594245702,4.3379373773450286e-08,1.0,1.0,shap_true_value
ames_housing,random_forest,4,1000,lightshap_approx,lightshap,approximation,permutation,64.0,50,0.1594,30100.0,0.0005507594240867,4.3379373735364674e-08,1.0,1.0,shap_true_value
ames_housing,random_forest,4,1000,dalex_approx,dalex,approximation,permutation,64.0,50,4.2187,202601.0,387.7843825763783,0.0305429974047435,0.9933333333333332,0.988,shap_true_value
ames_housing,random_forest,4,1000,shap_approx,shap,approximation,kernel,256.0,50,0.1335,70150.0,0.0006698952580902,4.7177442649848225e-08,1.0,1.0,shap_true_value
ames_housing,random_forest,4,1000,shap_approx,shap,approximation,permutation,256.0,50,5.1313,987055.0,0.0006698952487417,4.717744199148135e-08,1.0,1.0,shap_true_value
ames_housing,random_forest,4,1000,shapiq_approx,shapiq,approximation,kernel,256.0,50,3.7364,80101.0,0.0008211142430753,5.7827055265476385e-08,1.0,1.0,shap_true_value
ames_housing,random_forest,4,1000,shapiq_approx,shapiq,approximation,permutation,256.0,50,70.9032,1270101.0,158.3277701504678,0.0111502495441551,1.0,1.0,shap_true_value
ames_housing,random_forest,4,1000,lightshap_approx,lightshap,approximation,kernel,256.0,50,0.1214,60150.0,0.0006698952612476,4.71774428722095e-08,1.0,1.0,shap_true_value
ames_housing,random_forest,4,1000,lightshap_approx,lightshap,approximation,permutation,256.0,50,0.1621,60150.0,0.0006698952602053,4.7177442798807426e-08,1.0,1.0,shap_true_value
ames_housing,random_forest,4,1000,dalex_approx,dalex,approximation,permutation,256.0,50,15.9639,1605151.0,185.11291430653355,0.0130365960841997,1.0,1.0,shap_true_value
ames_housing,random_forest,4,1000,shap_true_value,shap,true_value,,,50,0.0019,,,,,,
ames_housing,random_forest,4,1000,shap_approx,shap,approximation,kernel,512.0,50,0.1349,70150.0,0.0006698952580902,4.7177442649848225e-08,1.0,1.0,shap_true_value
ames_housing,random_forest,4,1000,shap_approx,shap,approximation,permutation,512.0,50,6.4217,1951529.0,0.0006698952527716,4.7177442275288475e-08,1.0,1.0,shap_true_value
ames_housing,random_forest,4,1000,shapiq_approx,shapiq,approximation,kernel,512.0,50,3.7606,80101.0,0.0008211142430753,5.7827055265476385e-08,1.0,1.0,shap_true_value
ames_housing,random_forest,4,1000,shapiq_approx,shapiq,approximation,permutation,512.0,50,135.8331,2560101.0,151.7051901041817,0.0106838536612847,1.0,1.0,shap_true_value
ames_housing,random_forest,4,1000,lightshap_approx,lightshap,approximation,kernel,512.0,50,0.1226,60150.0,0.0006698952607905,4.717744284001999e-08,1.0,1.0,shap_true_value
ames_housing,random_forest,4,1000,lightshap_approx,lightshap,approximation,permutation,512.0,50,0.1642,60150.0,0.0006698952598961,4.717744277703e-08,1.0,1.0,shap_true_value
ames_housing,random_forest,4,1000,dalex_approx,dalex,approximation,permutation,512.0,50,33.2946,3205151.0,150.29137462324422,0.0105842855602064,1.0,1.0,shap_true_value
ames_housing,decision_tree,4,1000,shap_approx,shap,approximation,kernel,64.0,50,0.1038,35100.0,0.001232383511155,9.635818941462517e-08,1.0,1.0,shap_true_value
ames_housing,decision_tree,4,1000,shap_approx,shap,approximation,permutation,64.0,50,4.6264,132078.0,0.0012323834874297,9.635818755957965e-08,1.0,1.0,shap_true_value
ames_housing,decision_tree,4,1000,shapiq_approx,shapiq,approximation,kernel,64.0,50,0.9105,40051.0,0.00127525229927,9.971003465416969e-08,1.0,1.0,shap_true_value
ames_housing,decision_tree,4,1000,shapiq_approx,shapiq,approximation,permutation,64.0,50,5.3224,155051.0,429.5321195945602,0.0335844621133942,0.9933333333333332,0.996,shap_true_value
ames_housing,decision_tree,4,1000,lightshap_approx,lightshap,approximation,kernel,64.0,50,0.0816,30100.0,0.0012323834952557,9.635818817148248e-08,1.0,1.0,shap_true_value
ames_housing,decision_tree,4,1000,lightshap_approx,lightshap,approximation,permutation,64.0,50,0.0999,30100.0,0.0012323834940735,9.635818807905285e-08,1.0,1.0,shap_true_value
ames_housing,decision_tree,4,1000,dalex_approx,dalex,approximation,permutation,64.0,50,2.5942,202601.0,611.7715697890358,0.0478334871138977,0.9933333333333332,0.996,shap_true_value
ames_housing,decision_tree,4,1000,shap_approx,shap,approximation,kernel,256.0,50,0.0928,70150.0,0.0014039356025045,9.275157649437923e-08,1.0,1.0,shap_true_value
ames_housing,decision_tree,4,1000,shap_approx,shap,approximation,permutation,256.0,50,4.4336,986927.0,0.0014039356319096,9.275157843703914e-08,1.0,1.0,shap_true_value
ames_housing,decision_tree,4,1000,shapiq_approx,shapiq,approximation,kernel,256.0,50,1.7699,80101.0,0.0015522978499656,1.0255318870488085e-07,1.0,1.0,shap_true_value
ames_housing,decision_tree,4,1000,shapiq_approx,shapiq,approximation,permutation,256.0,50,33.4715,1270101.0,258.1009893625253,0.0170515468198299,1.0,1.0,shap_true_value
ames_housing,decision_tree,4,1000,lightshap_approx,lightshap,approximation,kernel,256.0,50,0.0786,60150.0,0.0014039355694315,9.275157430939768e-08,1.0,1.0,shap_true_value
ames_housing,decision_tree,4,1000,lightshap_approx,lightshap,approximation,permutation,256.0,50,0.1022,60150.0,0.0014039355660236,9.275157408424915e-08,1.0,1.0,shap_true_value
ames_housing,decision_tree,4,1000,dalex_approx,dalex,approximation,permutation,256.0,50,9.7191,1605151.0,288.1005802129781,0.0190334819887949,1.0,1.0,shap_true_value
ames_housing,decision_tree,4,1000,shap_true_value,shap,true_value,,,50,0.0009,,,,,,
ames_housing,decision_tree,4,1000,shap_approx,shap,approximation,kernel,512.0,50,0.0909,70150.0,0.0014039356025045,9.275157649437923e-08,1.0,1.0,shap_true_value
ames_housing,decision_tree,4,1000,shap_approx,shap,approximation,permutation,512.0,50,5.1793,1951238.0,0.0014039356352429,9.275157865725484e-08,1.0,1.0,shap_true_value
ames_housing,decision_tree,4,1000,shapiq_approx,shapiq,approximation,kernel,512.0,50,1.7741,80101.0,0.0015522978499656,1.0255318870488085e-07,1.0,1.0,shap_true_value
ames_housing,decision_tree,4,1000,shapiq_approx,shapiq,approximation,permutation,512.0,50,62.523,2560101.0,175.65510718935195,0.0116047260871769,1.0,1.0,shap_true_value
ames_housing,decision_tree,4,1000,lightshap_approx,lightshap,approximation,kernel,512.0,50,0.0781,60150.0,0.0014039355680662,9.275157421919885e-08,1.0,1.0,shap_true_value
ames_housing,decision_tree,4,1000,lightshap_approx,lightshap,approximation,permutation,512.0,50,0.1,60150.0,0.0014039355662418,9.275157409866981e-08,1.0,1.0,shap_true_value
ames_housing,decision_tree,4,1000,dalex_approx,dalex,approximation,permutation,512.0,50,19.5279,3205151.0,199.36286670441223,0.0131709888603758,1.0,1.0,shap_true_value
ames_housing,linear_regularized,4,1000,shap_approx,shap,approximation,kernel,64.0,50,0.1025,35100.0,2.2182859993336024e-11,1.9808360979802727e-15,1.0,1.0,shap_true_value
ames_housing,linear_regularized,4,1000,shap_approx,shap,approximation,permutation,64.0,50,4.6587,131945.0,3.516429813998912e-11,3.140023925533319e-15,1.0,1.0,shap_true_value
ames_housing,linear_regularized,4,1000,shapiq_approx,shapiq,approximation,kernel,64.0,50,0.8895,40051.0,0.0002406646086461,2.1490337335031217e-08,1.0,1.0,shap_true_value
ames_housing,linear_regularized,4,1000,shapiq_approx,shapiq,approximation,permutation,64.0,50,5.1923,155051.0,2.382130048772524e-11,2.1271419429729278e-15,1.0,1.0,shap_true_value
ames_housing,linear_regularized,4,1000,lightshap_approx,lightshap,approximation,kernel,64.0,50,0.0784,30100.0,1.1352092599281604e-11,1.0136941230764177e-15,1.0,1.0,shap_true_value
ames_housing,linear_regularized,4,1000,lightshap_approx,lightshap,approximation,permutation,64.0,50,0.0979,30100.0,1.1673435551529107e-11,1.0423886971680645e-15,1.0,1.0,shap_true_value
ames_housing,linear_regularized,4,1000,dalex_approx,dalex,approximation,permutation,64.0,50,2.5393,202601.0,1.0008349704548892e-11,8.937035342573617e-16,1.0,1.0,shap_true_value
ames_housing,linear_regularized,4,1000,shap_approx,shap,approximation,kernel,256.0,50,0.0941,70150.0,4.200241932039717e-11,3.918588400966296e-15,1.0,1.0,shap_true_value
ames_housing,linear_regularized,4,1000,shap_approx,shap,approximation,permutation,256.0,50,4.4963,986984.0,5.437069461322608e-11,5.072478602688587e-15,1.0,1.0,shap_true_value
ames_housing,linear_regularized,4,1000,shapiq_approx,shapiq,approximation,kernel,256.0,50,1.7544,80101.0,0.000254401576068,2.3734229630046922e-08,1.0,1.0,shap_true_value
ames_housing,linear_regularized,4,1000,shapiq_approx,shapiq,approximation,permutation,256.0,50,32.8763,1270101.0,3.896893474575336e-11,3.635581429914586e-15,1.0,1.0,shap_true_value
ames_housing,linear_regularized,4,1000,lightshap_approx,lightshap,approximation,kernel,256.0,50,0.0758,60150.0,1.3166321366497868e-11,1.2283433912840953e-15,1.0,1.0,shap_true_value
ames_housing,linear_regularized,4,1000,lightshap_approx,lightshap,approximation,permutation,256.0,50,0.0969,60150.0,1.3727579073474772e-11,1.2807055641326625e-15,1.0,1.0,shap_true_value
ames_housing,linear_regularized,4,1000,dalex_approx,dalex,approximation,permutation,256.0,50,9.6762,1605151.0,1.3013696786856598e-11,1.2141043803613552e-15,1.0,1.0,shap_true_value
ames_housing,linear_regularized,4,1000,shap_true_value,shap,true_value,,,50,0.0011,,,,,,
ames_housing,linear_regularized,4,1000,shap_approx,shap,approximation,kernel,512.0,50,0.0944,70150.0,4.200241932039717e-11,3.918588400966296e-15,1.0,1.0,shap_true_value
ames_housing,linear_regularized,4,1000,shap_approx,shap,approximation,permutation,512.0,50,5.1646,1951499.0,5.7584053081427547e-11,5.37226679168765e-15,1.0,1.0,shap_true_value
ames_housing,linear_regularized,4,1000,shapiq_approx,shapiq,approximation,kernel,512.0,50,1.7451,80101.0,0.000254401576068,2.3734229630046922e-08,1.0,1.0,shap_true_value
ames_housing,linear_regularized,4,1000,shapiq_approx,shapiq,approximation,permutation,512.0,50,61.1773,2560101.0,4.618426530100805e-11,4.308731002735225e-15,1.0,1.0,shap_true_value
ames_housing,linear_regularized,4,1000,lightshap_approx,lightshap,approximation,kernel,512.0,50,0.075,60150.0,1.4327010688930388e-11,1.336629146952478e-15,1.0,1.0,shap_true_value
ames_housing,linear_regularized,4,1000,lightshap_approx,lightshap,approximation,permutation,512.0,50,0.095,60150.0,1.3100027729251452e-11,1.2221585695006144e-15,1.0,1.0,shap_true_value
ames_housing,linear_regularized,4,1000,dalex_approx,dalex,approximation,permutation,512.0,50,19.1457,3205151.0,1.3309211510659223e-11,1.2416742343779638e-15,1.0,1.0,shap_true_value
ames_housing,gradient_boosting,4,1000,shap_approx,shap,approximation,kernel,64.0,50,0.1228,35100.0,0.0001163675378376,1.227806451158148e-08,1.0,1.0,shap_true_value
ames_housing,gradient_boosting,4,1000,shap_approx,shap,approximation,permutation,64.0,50,4.5937,132005.0,150.57909505585457,0.0158877628378734,1.0,1.0,shap_true_value
ames_housing,gradient_boosting,4,1000,shapiq_approx,shapiq,approximation,kernel,64.0,50,1.1885,40051.0,0.0002514091101849,2.6526446558979345e-08,1.0,1.0,shap_true_value
ames_housing,gradient_boosting,4,1000,shapiq_approx,shapiq,approximation,permutation,64.0,50,6.9841,155051.0,377.032383947202,0.0397810937575978,0.9866666666666668,0.988,shap_true_value
ames_housing,gradient_boosting,4,1000,lightshap_approx,lightshap,approximation,kernel,64.0,50,0.593,196000.0,152.26395390093717,0.0160655341130696,1.0,1.0,shap_true_value
ames_housing,gradient_boosting,4,1000,lightshap_approx,lightshap,approximation,permutation,64.0,50,0.52,81300.0,230.5374757611114,0.0243242578843757,1.0,1.0,shap_true_value
ames_housing,gradient_boosting,4,1000,dalex_approx,dalex,approximation,permutation,64.0,50,3.1902,202601.0,483.0366665124094,0.0509657200204281,1.0,1.0,shap_true_value
ames_housing,gradient_boosting,4,1000,shap_approx,shap,approximation,kernel,256.0,50,0.1551,70150.0,0.0001084963748685,1.0504517236250168e-08,1.0,1.0,shap_true_value
ames_housing,gradient_boosting,4,1000,shap_approx,shap,approximation,permutation,256.0,50,5.3784,986856.0,62.91013504609983,0.0060909002602832,0.9933333333333332,0.996,shap_true_value
ames_housing,gradient_boosting,4,1000,shapiq_approx,shapiq,approximation,kernel,256.0,50,2.2717,80101.0,0.0002427002971582,2.349801509802148e-08,1.0,1.0,shap_true_value
ames_housing,gradient_boosting,4,1000,shapiq_approx,shapiq,approximation,permutation,256.0,50,43.2711,1270101.0,316.23296518726124,0.0306173790369038,0.9933333333333332,0.984,shap_true_value
ames_housing,gradient_boosting,4,1000,lightshap_approx,lightshap,approximation,kernel,256.0,50,0.7226,478350.0,168.22735668787485,0.0162876148634252,0.9933333333333332,0.996,shap_true_value
ames_housing,gradient_boosting,4,1000,lightshap_approx,lightshap,approximation,permutation,256.0,50,0.5073,160350.0,203.601395485232,0.0197124961160279,0.9933333333333332,0.996,shap_true_value
ames_housing,gradient_boosting,4,1000,dalex_approx,dalex,approximation,permutation,256.0,50,12.0551,1605151.0,256.7713594106841,0.0248603621454916,1.0,0.992,shap_true_value
ames_housing,gradient_boosting,4,1000,shap_true_value,shap,true_value,,,50,0.0133,,,,,,
ames_housing,gradient_boosting,4,1000,shap_approx,shap,approximation,kernel,512.0,50,0.1129,70150.0,0.0001084963748685,1.0504517236250168e-08,1.0,1.0,shap_true_value
ames_housing,gradient_boosting,4,1000,shap_approx,shap,approximation,permutation,512.0,50,5.6382,1951248.0,59.10256013298379,0.0057222544290137,0.9933333333333332,0.996,shap_true_value
ames_housing,gradient_boosting,4,1000,shapiq_approx,shapiq,approximation,kernel,512.0,50,2.3088,80101.0,0.0002427002971582,2.349801509802148e-08,1.0,1.0,shap_true_value
ames_housing,gradient_boosting,4,1000,shapiq_approx,shapiq,approximation,permutation,512.0,50,82.6756,2560101.0,169.0740052203202,0.0163695865801106,0.9933333333333332,0.996,shap_true_value
ames_housing,gradient_boosting,4,1000,lightshap_approx,lightshap,approximation,kernel,512.0,50,0.9661,633150.0,133.1001098820575,0.0128866277799322,1.0,1.0,shap_true_value
ames_housing,gradient_boosting,4,1000,lightshap_approx,lightshap,approximation,permutation,512.0,50,0.8256,237750.0,211.44535199538285,0.0204719406270645,0.9933333333333332,0.996,shap_true_value
ames_housing,gradient_boosting,4,1000,dalex_approx,dalex,approximation,permutation,512.0,50,24.3271,3205151.0,191.05363275857047,0.0184976334996659,0.9866666666666668,0.984,shap_true_value
ames_housing,random_forest,64,1000,shap_approx,shap,approximation,kernel,64.0,50,0.34,160100.0,157.3629051463791,0.1538061931437283,1.0,0.6147200995713924,shap_true_value
ames_housing,random_forest,64,1000,shap_approx,shap,approximation,permutation,64.0,50,4.3741,298701.0,41.88385865037155,0.040937200842799,1.0,0.9935700342557304,shap_true_value
ames_housing,random_forest,64,1000,shapiq_approx,shapiq,approximation,kernel,64.0,50,2.3897,160051.0,48580.611992925216,47.48259435267746,0.6657681940700808,0.1375784995193384,shap_true_value
ames_housing,random_forest,64,1000,shapiq_approx,shapiq,approximation,permutation,64.0,50,4.3527,5051.0,1023.1246345153808,1.0,,,shap_true_value
ames_housing,random_forest,64,1000,lightshap_approx,lightshap,approximation,kernel,64.0,50,1.3587,901000.0,76.48189020902913,0.0747532486550438,0.9865229110512128,0.5406031332331881,shap_true_value
ames_housing,random_forest,64,1000,lightshap_approx,lightshap,approximation,permutation,64.0,50,1.7822,1186300.0,19.66653818011527,0.0192220356314953,1.0,0.9132042172047928,shap_true_value
ames_housing,random_forest,64,1000,dalex_approx,dalex,approximation,permutation,64.0,50,3.3608,165101.0,281.3801982259944,0.2750204508166051,0.9796747967479674,0.7812540725028155,shap_true_value
ames_housing,random_forest,64,1000,shap_approx,shap,approximation,kernel,256.0,50,0.707,1280150.0,25.14168842703545,0.0239747284490108,1.0,0.8205533204359847,shap_true_value
ames_housing,random_forest,64,1000,shap_approx,shap,approximation,permutation,256.0,50,4.1613,953621.0,31.94219327893509,0.0304595855664489,1.0,0.9921707974264912,shap_true_value
ames_housing,random_forest,64,1000,shapiq_approx,shapiq,approximation,kernel,256.0,50,5.4348,1280101.0,687.6221171748164,0.6557059038673315,0.8713592233009708,0.3990033271610474,shap_true_value
ames_housing,random_forest,64,1000,shapiq_approx,shapiq,approximation,permutation,256.0,50,13.5499,1270101.0,147.0817779427817,0.1402549274369355,0.9948849104859336,0.754751256610013,shap_true_value
ames_housing,random_forest,64,1000,lightshap_approx,lightshap,approximation,kernel,256.0,50,1.4932,1562550.0,71.12139782706572,0.0678202740745293,0.9854368932038836,0.5626646875838022,shap_true_value
ames_housing,random_forest,64,1000,lightshap_approx,lightshap,approximation,permutation,256.0,50,2.3016,2445750.0,19.56983732889188,0.0186614967054868,1.0,0.8308613240733436,shap_true_value
ames_housing,random_forest,64,1000,dalex_approx,dalex,approximation,permutation,256.0,50,12.9903,1305151.0,141.73464101639414,0.1351559796808266,0.9974358974358974,0.970641715077638,shap_true_value
ames_housing,random_forest,64,1000,shap_true_value,shap,true_value,,,50,0.0023,,,,,,
ames_housing,random_forest,64,1000,shap_approx,shap,approximation,kernel,512.0,50,1.2659,2560150.0,12.96960252106261,0.0123676140302382,1.0,0.8678952140629107,shap_true_value
ames_housing,random_forest,64,1000,shap_approx,shap,approximation,permutation,512.0,50,4.2497,1655455.0,21.81672000206564,0.0208040895588849,1.0,0.9971159645209002,shap_true_value
ames_housing,random_forest,64,1000,shapiq_approx,shapiq,approximation,kernel,512.0,50,6.6637,2560101.0,429.75151348209096,0.4098044515262263,0.9223300970873788,0.4726044337456651,shap_true_value
ames_housing,random_forest,64,1000,shapiq_approx,shapiq,approximation,permutation,512.0,50,18.0548,2530101.0,93.03552348301368,0.0887172481709028,0.9975669099756692,0.6932667920026586,shap_true_value
ames_housing,random_forest,64,1000,lightshap_approx,lightshap,approximation,kernel,512.0,50,1.557,1650750.0,66.30225632619985,0.0632248146575565,0.9781553398058253,0.5568192046135545,shap_true_value
ames_housing,random_forest,64,1000,lightshap_approx,lightshap,approximation,permutation,512.0,50,2.2783,2445750.0,21.824529012402976,0.0208115361113643,0.9975550122249388,0.8400981929934901,shap_true_value
ames_housing,random_forest,64,1000,dalex_approx,dalex,approximation,permutation,512.0,50,26.0433,2605151.0,84.27499988861658,0.0803633472443059,1.0,0.9972588124680972,shap_true_value
ames_housing,decision_tree,64,1000,shap_approx,shap,approximation,kernel,64.0,50,0.2646,160100.0,30.275668142405983,0.0319342733424625,1.0,0.9529555143189188,shap_true_value
ames_housing,decision_tree,64,1000,shap_approx,shap,approximation,permutation,64.0,50,4.4092,298709.0,5.252192455689198e-05,5.539925617439049e-08,1.0,1.0,shap_true_value
ames_housing,decision_tree,64,1000,shapiq_approx,shapiq,approximation,kernel,64.0,50,1.3826,160051.0,21065.69697586056,22.2197482880441,0.87,0.2051531040010357,shap_true_value
ames_housing,decision_tree,64,1000,shapiq_approx,shapiq,approximation,permutation,64.0,50,2.2587,5051.0,948.0619088378908,0.9999999999999996,,,shap_true_value
ames_housing,decision_tree,64,1000,lightshap_approx,lightshap,approximation,kernel,64.0,50,0.9088,630100.0,5.252223999662824e-05,5.539958889500011e-08,1.0,0.3014389952018823,shap_true_value
ames_housing,decision_tree,64,1000,lightshap_approx,lightshap,approximation,permutation,64.0,50,1.3164,930100.0,5.2521924440931405e-05,5.53992560520772e-08,1.0,0.7043786879993114,shap_true_value
ames_housing,decision_tree,64,1000,dalex_approx,dalex,approximation,permutation,64.0,50,2.0333,165101.0,175.72220843908644,0.1853488752168959,0.96,0.9193348450491308,shap_true_value
ames_housing,decision_tree,64,1000,shap_approx,shap,approximation,kernel,256.0,50,0.6114,1280150.0,6.652317862955836e-05,6.289183078496594e-08,1.0,1.0,shap_true_value
ames_housing,decision_tree,64,1000,shap_approx,shap,approximation,permutation,256.0,50,3.9991,951714.0,6.652317997788427e-05,6.289183205968983e-08,1.0,1.0,shap_true_value
ames_housing,decision_tree,64,1000,shapiq_approx,shapiq,approximation,kernel,256.0,50,3.2993,1280101.0,776.8515061785704,0.7344449630661453,0.9801980198019802,0.2920510988056393,shap_true_value
ames_housing,decision_tree,64,1000,shapiq_approx,shapiq,approximation,permutation,256.0,50,7.2509,1270101.0,58.301293912795146,0.0551187599096303,1.0,0.4950947833693543,shap_true_value
ames_housing,decision_tree,64,1000,lightshap_approx,lightshap,approximation,kernel,256.0,50,1.1215,1260150.0,6.652351335811993e-05,6.289214724146258e-08,1.0,0.3027356526897752,shap_true_value
ames_housing,decision_tree,64,1000,lightshap_approx,lightshap,approximation,permutation,256.0,50,1.6295,1860150.0,6.652317845902811e-05,6.289183062374455e-08,1.0,0.6686266041703781,shap_true_value
ames_housing,decision_tree,64,1000,dalex_approx,dalex,approximation,permutation,256.0,50,7.6124,1305151.0,105.15917167012762,0.0994187735224395,0.99009900990099,0.9803073822121442,shap_true_value
ames_housing,decision_tree,64,1000,shap_true_value,shap,true_value,,,50,0.0012,,,,,,
ames_housing,decision_tree,64,1000,shap_approx,shap,approximation,kernel,512.0,50,0.9969,2560150.0,6.652317856816747e-05,6.289183072692624e-08,1.0,1.0,shap_true_value
ames_housing,decision_tree,64,1000,shap_approx,shap,approximation,permutation,512.0,50,4.1286,1655807.0,6.652317997788427e-05,6.289183205968983e-08,1.0,1.0,shap_true_value
ames_housing,decision_tree,64,1000,shapiq_approx,shapiq,approximation,kernel,512.0,50,4.8905,2560101.0,486.2798826178021,0.4597349784206327,0.9801980198019802,0.288794165791661,shap_true_value
ames_housing,decision_tree,64,1000,shapiq_approx,shapiq,approximation,permutation,512.0,50,10.2127,2530101.0,86.2338486329945,0.08152654049145,1.0,0.4068201742256218,shap_true_value
ames_housing,decision_tree,64,1000,lightshap_approx,lightshap,approximation,kernel,512.0,50,1.1335,1260150.0,6.652353379125646e-05,6.289216655920101e-08,1.0,0.3027355836778629,shap_true_value
ames_housing,decision_tree,64,1000,lightshap_approx,lightshap,approximation,permutation,512.0,50,1.6507,1860150.0,6.652317850450283e-05,6.289183066673691e-08,1.0,0.6696614184495618,shap_true_value
ames_housing,decision_tree,64,1000,dalex_approx,dalex,approximation,permutation,512.0,50,15.3438,2605151.0,72.33701230963109,0.0683883006102458,0.9801980198019802,0.9606147644242884,shap_true_value
ames_housing,linear_regularized,64,1000,shap_approx,shap,approximation,kernel,64.0,50,0.2782,160100.0,1942.11519081717,0.8419069493416534,0.8525252525252526,0.4006077677999105,shap_true_value
ames_housing,linear_regularized,64,1000,shap_approx,shap,approximation,permutation,64.0,50,4.429,298420.0,3.2999309396153356e-11,1.430520086319239e-14,1.0,0.9999507718291556,shap_true_value
ames_housing,linear_regularized,64,1000,shapiq_approx,shapiq,approximation,kernel,64.0,50,1.3289,160051.0,10596.071632649677,4.593397129804712,0.7065868263473054,0.3982662294025951,shap_true_value
ames_housing,linear_regularized,64,1000,shapiq_approx,shapiq,approximation,permutation,64.0,50,2.1422,5051.0,2306.805036276096,1.0,,,shap_true_value
ames_housing,linear_regularized,64,1000,lightshap_approx,lightshap,approximation,kernel,64.0,50,0.8973,630100.0,3.5898908948641803e-10,1.5562177290281044e-13,1.0,0.999891248030264,shap_true_value
ames_housing,linear_regularized,64,1000,lightshap_approx,lightshap,approximation,permutation,64.0,50,1.2943,930100.0,1.9083992719437505e-11,8.272910982648552e-15,1.0,0.9999432162511458,shap_true_value
ames_housing,linear_regularized,64,1000,dalex_approx,dalex,approximation,permutation,64.0,50,1.98,165101.0,3.126079783921653e-11,1.3551556090618404e-14,1.0,0.9999640519420574,shap_true_value
ames_housing,linear_regularized,64,1000,shap_approx,shap,approximation,kernel,256.0,50,0.6631,1280150.0,1497.364618356731,0.6200112171904669,0.9759519038076152,0.5661822454679464,shap_true_value
ames_housing,linear_regularized,64,1000,shap_approx,shap,approximation,permutation,256.0,50,4.1915,950679.0,2.896741430058469e-11,1.1994487901735132e-14,1.0,1.0,shap_true_value
ames_housing,linear_regularized,64,1000,shapiq_approx,shapiq,approximation,kernel,256.0,50,3.1062,1280101.0,0.0027165049504464,1.1248185780418649e-06,1.0,1.0,shap_true_value
ames_housing,linear_regularized,64,1000,shapiq_approx,shapiq,approximation,permutation,256.0,50,6.8167,1270101.0,3.3118177367175146e-11,1.3713187295080136e-14,1.0,1.0,shap_true_value
ames_housing,linear_regularized,64,1000,lightshap_approx,lightshap,approximation,kernel,256.0,50,1.2134,1260150.0,3.5804052946459067e-10,1.4825323221573122e-13,1.0,1.0,shap_true_value
ames_housing,linear_regularized,64,1000,lightshap_approx,lightshap,approximation,permutation,256.0,50,1.8216,1860150.0,1.9323306565954823e-11,8.001168638037049e-15,1.0,1.0,shap_true_value
ames_housing,linear_regularized,64,1000,dalex_approx,dalex,approximation,permutation,256.0,50,7.2984,1305151.0,1.8694356895831982e-11,7.740740519365222e-15,1.0,1.0,shap_true_value
ames_housing,linear_regularized,64,1000,shap_true_value,shap,true_value,,,50,0.0012,,,,,,
ames_housing,linear_regularized,64,1000,shap_approx,shap,approximation,kernel,512.0,50,1.1381,2560150.0,1386.175680763491,0.5739714031797984,1.0,0.6066314873425785,shap_true_value
ames_housing,linear_regularized,64,1000,shap_approx,shap,approximation,permutation,512.0,50,4.0756,1655232.0,2.2051674097856023e-11,9.130899134977377e-15,1.0,1.0,shap_true_value
ames_housing,linear_regularized,64,1000,shapiq_approx,shapiq,approximation,kernel,512.0,50,4.1568,2560101.0,0.0028475744603646,1.179090306774288e-06,1.0,1.0,shap_true_value
ames_housing,linear_regularized,64,1000,shapiq_approx,shapiq,approximation,permutation,512.0,50,9.2926,2530101.0,2.4695300526733628e-11,1.0225541027720966e-14,1.0,1.0,shap_true_value
ames_housing,linear_regularized,64,1000,lightshap_approx,lightshap,approximation,kernel,512.0,50,1.19,1260150.0,3.6980608367132255e-10,1.5312497520685506e-13,1.0,1.0,shap_true_value
ames_housing,linear_regularized,64,1000,lightshap_approx,lightshap,approximation,permutation,512.0,50,1.7387,1860150.0,1.8904132426111883e-11,7.827601915895581e-15,1.0,1.0,shap_true_value
ames_housing,linear_regularized,64,1000,dalex_approx,dalex,approximation,permutation,512.0,50,14.3744,2605151.0,1.5532156394382214e-11,6.431373543634341e-15,1.0,1.0,shap_true_value
ames_housing,gradient_boosting,64,1000,shap_approx,shap,approximation,kernel,64.0,50,0.3434,160100.0,367.1099390262505,0.4404560464676466,0.9088541666666666,0.4012389410177377,shap_true_value
ames_housing,gradient_boosting,64,1000,shap_approx,shap,approximation,permutation,64.0,50,4.2557,298252.0,120.67022792907042,0.144779331393116,0.974342928660826,0.943078892397482,shap_true_value
ames_housing,gradient_boosting,64,1000,shapiq_approx,shapiq,approximation,kernel,64.0,50,1.7354,160051.0,32722.561371913675,39.260310005220056,0.6124209315698678,0.1474697847855209,shap_true_value
ames_housing,gradient_boosting,64,1000,shapiq_approx,shapiq,approximation,permutation,64.0,50,2.9624,5051.0,833.4768973439814,1.0000000000000002,,,shap_true_value
ames_housing,gradient_boosting,64,1000,lightshap_approx,lightshap,approximation,kernel,64.0,50,16.4916,11119600.0,107.4705176514995,0.1289424073948215,0.8832662449683726,0.7985690073546613,shap_true_value
ames_housing,gradient_boosting,64,1000,lightshap_approx,lightshap,approximation,permutation,64.0,50,16.1462,11007300.0,25.562604014459435,0.0306698411148756,0.9976958525345622,0.9781971357706328,shap_true_value
ames_housing,gradient_boosting,64,1000,dalex_approx,dalex,approximation,permutation,64.0,50,2.4925,165101.0,325.7339545539069,0.3908134173747523,0.9364016736401674,0.7763472728985987,shap_true_value
ames_housing,gradient_boosting,64,1000,shap_approx,shap,approximation,kernel,256.0,50,0.7153,1280150.0,204.0568759801476,0.24176667290251,0.9910714285714286,0.5694882597991984,shap_true_value
ames_housing,gradient_boosting,64,1000,shap_approx,shap,approximation,permutation,256.0,50,3.9938,952156.0,92.14651783941297,0.1091752332803235,0.9859320046893316,0.9748110244691855,shap_true_value
ames_housing,gradient_boosting,64,1000,shapiq_approx,shapiq,approximation,kernel,256.0,50,7.3,1280101.0,551.4858935001578,0.6534007196952907,0.7302857142857143,0.5269215514617198,shap_true_value
ames_housing,gradient_boosting,64,1000,shapiq_approx,shapiq,approximation,permutation,256.0,50,9.4673,1270101.0,162.73665308639755,0.1928104553546927,0.97156684815487,0.919247892128873,shap_true_value
ames_housing,gradient_boosting,64,1000,lightshap_approx,lightshap,approximation,kernel,256.0,50,29.922,33276750.0,111.81996404391106,0.1324843406580663,0.8691428571428571,0.786474201088044,shap_true_value
ames_housing,gradient_boosting,64,1000,lightshap_approx,lightshap,approximation,permutation,256.0,50,28.8821,32384550.0,24.669924742207115,0.0292289372608987,0.9936998854524628,0.9617428181015152,shap_true_value
ames_housing,gradient_boosting,64,1000,dalex_approx,dalex,approximation,permutation,256.0,50,9.5497,1305151.0,151.5959554714007,0.1796109521120146,0.9765484064942874,0.9455738667956126,shap_true_value
ames_housing,gradient_boosting,64,1000,shap_true_value,shap,true_value,,,50,0.0171,,,,,,
ames_housing,gradient_boosting,64,1000,shap_approx,shap,approximation,kernel,512.0,50,1.269,2560150.0,160.17242627499127,0.1897723583448109,0.9917355371900828,0.6241878766076528,shap_true_value
ames_housing,gradient_boosting,64,1000,shap_approx,shap,approximation,permutation,512.0,50,4.1599,1654389.0,58.2030122179173,0.0689589534743196,0.9924985574148876,0.9871794968253228,shap_true_value
ames_housing,gradient_boosting,64,1000,shapiq_approx,shapiq,approximation,kernel,512.0,50,7.9185,2560101.0,353.3867798890893,0.4186928061656144,0.7645714285714286,0.6056090672424542,shap_true_value
ames_housing,gradient_boosting,64,1000,shapiq_approx,shapiq,approximation,permutation,512.0,50,12.6968,2530101.0,107.48363236219016,0.1273466530488852,0.9867740080506038,0.9536290430932252,shap_true_value
ames_housing,gradient_boosting,64,1000,lightshap_approx,lightshap,approximation,kernel,512.0,50,32.186,35834550.0,107.81037508234044,0.1277337779618116,0.8897142857142857,0.7978711794905692,shap_true_value
ames_housing,gradient_boosting,64,1000,lightshap_approx,lightshap,approximation,permutation,512.0,50,30.4757,34702550.0,23.180486554200712,0.0274642502662625,0.9965694682675816,0.9630972712998104,shap_true_value
ames_housing,gradient_boosting,64,1000,dalex_approx,dalex,approximation,permutation,512.0,50,18.7834,2605151.0,113.334457527807,0.1342787131778616,0.9831199068684516,0.9661106116457232,shap_true_value
adult_census,random_forest,4,1000,shap_approx,shap,approximation,kernel,64.0,50,0.1503,35100.0,1.0324888549111004e-09,3.0074907202242903e-08,1.0,1.0,shap_true_value
adult_census,random_forest,4,1000,shap_approx,shap,approximation,permutation,64.0,50,4.8615,95960.0,2.0760200387043e-05,0.0006047146147587,1.0,1.0,shap_true_value
adult_census,random_forest,4,1000,shapiq_approx,shapiq,approximation,kernel,64.0,50,1.8676,40051.0,1.2878033622956898e-09,3.7511849577411726e-08,1.0,1.0,shap_true_value
adult_census,random_forest,4,1000,shapiq_approx,shapiq,approximation,permutation,64.0,50,10.8727,155051.0,0.0011713889042332,0.0341208647676743,0.975,0.984,shap_true_value
adult_census,random_forest,4,1000,lightshap_approx,lightshap,approximation,kernel,64.0,50,0.122,31000.0,4.929573939324317e-05,0.0014359135991307,1.0,1.0,shap_true_value
adult_census,random_forest,4,1000,lightshap_approx,lightshap,approximation,permutation,64.0,50,0.163,30400.0,5.274630358913556e-05,0.0015364235440983,1.0,1.0,shap_true_value
adult_census,random_forest,4,1000,dalex_approx,dalex,approximation,permutation,64.0,50,4.1447,202601.0,0.0014327627332295,0.0417343064186601,0.97,0.996,shap_true_value
adult_census,random_forest,4,1000,shap_approx,shap,approximation,kernel,256.0,50,0.1402,70150.0,8.047549942326878e-10,2.5080127968500907e-08,1.0,1.0,shap_true_value
adult_census,random_forest,4,1000,shap_approx,shap,approximation,permutation,256.0,50,5.1936,749884.0,1.1482193611035434e-05,0.0003578416874547,1.0,1.0,shap_true_value
adult_census,random_forest,4,1000,shapiq_approx,shapiq,approximation,kernel,256.0,50,3.7202,80101.0,1.1063519784990942e-09,3.4479374962336075e-08,1.0,1.0,shap_true_value
adult_census,random_forest,4,1000,shapiq_approx,shapiq,approximation,permutation,256.0,50,70.6864,1270101.0,0.0002937568382853,0.0091549094427734,0.995,1.0,shap_true_value
adult_census,random_forest,4,1000,lightshap_approx,lightshap,approximation,kernel,256.0,50,0.1201,60150.0,3.422204675859477e-05,0.0010665274750707,1.0,1.0,shap_true_value
adult_census,random_forest,4,1000,lightshap_approx,lightshap,approximation,permutation,256.0,50,0.1609,60150.0,4.256538250407224e-05,0.0013265468967337,1.0,1.0,shap_true_value
adult_census,random_forest,4,1000,dalex_approx,dalex,approximation,permutation,256.0,50,16.2316,1605151.0,0.0003590437010219,0.0111895695366283,0.99,1.0,shap_true_value
adult_census,random_forest,4,1000,shap_true_value,shap,true_value,,,50,0.0024,,,,,,
adult_census,random_forest,4,1000,shap_approx,shap,approximation,kernel,512.0,50,0.1379,70150.0,8.047549942326878e-10,2.5080127968500907e-08,1.0,1.0,shap_true_value
adult_census,random_forest,4,1000,shap_approx,shap,approximation,permutation,512.0,50,6.3554,1479454.0,7.012691474338928e-06,0.0002185499945206,1.0,1.0,shap_true_value
adult_census,random_forest,4,1000,shapiq_approx,shapiq,approximation,kernel,512.0,50,3.6674,80101.0,1.1063519784990942e-09,3.4479374962336075e-08,1.0,1.0,shap_true_value
adult_census,random_forest,4,1000,shapiq_approx,shapiq,approximation,permutation,512.0,50,131.0766,2560101.0,0.000177034775155,0.0055172752546835,0.995,1.0,shap_true_value
adult_census,random_forest,4,1000,lightshap_approx,lightshap,approximation,kernel,512.0,50,0.1182,60150.0,3.207166245703973e-05,0.0009995109124511,1.0,1.0,shap_true_value
adult_census,random_forest,4,1000,lightshap_approx,lightshap,approximation,permutation,512.0,50,0.1584,60150.0,2.914687700994046e-05,0.0009083601972404,1.0,1.0,shap_true_value
adult_census,random_forest,4,1000,dalex_approx,dalex,approximation,permutation,512.0,50,32.1073,3205151.0,0.000177538107441,0.0055329615669583,1.0,1.0,shap_true_value
adult_census,decision_tree,4,1000,shap_approx,shap,approximation,kernel,64.0,50,0.1061,35100.0,9.67186334554712e-10,2.3545267754207297e-08,1.0,1.0,shap_true_value
adult_census,decision_tree,4,1000,shap_approx,shap,approximation,permutation,64.0,50,5.3065,95746.0,3.4014196741720426e-05,0.000828044546449,1.0,1.0,shap_true_value
adult_census,decision_tree,4,1000,shapiq_approx,shapiq,approximation,kernel,64.0,50,0.9346,40051.0,1.883071108489145e-09,4.584164588098899e-08,1.0,1.0,shap_true_value
adult_census,decision_tree,4,1000,shapiq_approx,shapiq,approximation,permutation,64.0,50,5.2979,155051.0,0.0014699394276863,0.0357843325229306,1.0,0.996,shap_true_value
adult_census,decision_tree,4,1000,lightshap_approx,lightshap,approximation,kernel,64.0,50,0.0804,30400.0,4.63474708807428e-05,0.0011282868384609,1.0,1.0,shap_true_value
adult_census,decision_tree,4,1000,lightshap_approx,lightshap,approximation,permutation,64.0,50,0.1042,30200.0,6.455247907394204e-05,0.0015714711319753,1.0,1.0,shap_true_value
adult_census,decision_tree,4,1000,dalex_approx,dalex,approximation,permutation,64.0,50,2.6822,202601.0,0.0010014624891459,0.0243796894251949,1.0,0.992,shap_true_value
adult_census,decision_tree,4,1000,shap_approx,shap,approximation,kernel,256.0,50,0.0964,70150.0,9.6517952596388e-10,2.5466269034140752e-08,1.0,1.0,shap_true_value
adult_census,decision_tree,4,1000,shap_approx,shap,approximation,permutation,256.0,50,4.4438,749463.0,5.965739456899775e-06,0.0001574060803302,1.0,1.0,shap_true_value
adult_census,decision_tree,4,1000,shapiq_approx,shapiq,approximation,kernel,256.0,50,1.7498,80101.0,1.4277497699128474e-09,3.7671188391322975e-08,1.0,1.0,shap_true_value
adult_census,decision_tree,4,1000,shapiq_approx,shapiq,approximation,permutation,256.0,50,32.407,1270101.0,0.0003179173296266,0.0083882511274799,1.0,1.0,shap_true_value
adult_census,decision_tree,4,1000,lightshap_approx,lightshap,approximation,kernel,256.0,50,0.0766,60150.0,2.260135510442656e-05,0.0005963369240045,1.0,0.996,shap_true_value
adult_census,decision_tree,4,1000,lightshap_approx,lightshap,approximation,permutation,256.0,50,0.0977,60150.0,2.3194007647613752e-05,0.0006119740658031,1.0,1.0,shap_true_value
adult_census,decision_tree,4,1000,dalex_approx,dalex,approximation,permutation,256.0,50,9.6622,1605151.0,0.000427398003308,0.0112768995239791,1.0,0.996,shap_true_value
adult_census,decision_tree,4,1000,shap_true_value,shap,true_value,,,50,0.001,,,,,,
adult_census,decision_tree,4,1000,shap_approx,shap,approximation,kernel,512.0,50,0.0982,70150.0,9.6517952596388e-10,2.5466269034140752e-08,1.0,1.0,shap_true_value
adult_census,decision_tree,4,1000,shap_approx,shap,approximation,permutation,512.0,50,5.224,1479603.0,7.685868024923698e-06,0.0002027916855034,1.0,1.0,shap_true_value
adult_census,decision_tree,4,1000,shapiq_approx,shapiq,approximation,kernel,512.0,50,1.8437,80101.0,1.4277497699128474e-09,3.7671188391322975e-08,1.0,1.0,shap_true_value
adult_census,decision_tree,4,1000,shapiq_approx,shapiq,approximation,permutation,512.0,50,65.1916,2560101.0,0.0002770365183041,0.0073096106140146,1.0,1.0,shap_true_value
adult_census,decision_tree,4,1000,lightshap_approx,lightshap,approximation,kernel,512.0,50,0.0796,60150.0,6.504444934211128e-06,0.0001716198283909,1.0,0.996,shap_true_value
adult_census,decision_tree,4,1000,lightshap_approx,lightshap,approximation,permutation,512.0,50,0.102,60150.0,3.166056350971794e-05,0.0008353642057479,1.0,1.0,shap_true_value
adult_census,decision_tree,4,1000,dalex_approx,dalex,approximation,permutation,512.0,50,20.145,3205151.0,0.000336649357582,0.0088824958256273,1.0,1.0,shap_true_value
adult_census,linear_regularized,4,1000,shap_approx,shap,approximation,kernel,64.0,50,0.1112,35100.0,2.1709847461415242e-16,1.0054667534874712e-15,1.0,1.0,shap_true_value
adult_census,linear_regularized,4,1000,shap_approx,shap,approximation,permutation,64.0,50,4.5969,95565.0,2.550563926728699e-16,1.1812645093559692e-15,1.0,1.0,shap_true_value
adult_census,linear_regularized,4,1000,shapiq_approx,shapiq,approximation,kernel,64.0,50,0.8809,40051.0,3.785048629952568e-09,1.7530019796382837e-08,1.0,1.0,shap_true_value
adult_census,linear_regularized,4,1000,shapiq_approx,shapiq,approximation,permutation,64.0,50,5.074,155051.0,2.293803168240682e-16,1.0623487008875952e-15,1.0,1.0,shap_true_value
adult_census,linear_regularized,4,1000,lightshap_approx,lightshap,approximation,kernel,64.0,50,0.0785,30100.0,1.4136261605735003e-16,6.547047872367404e-16,1.0,1.0,shap_true_value
adult_census,linear_regularized,4,1000,lightshap_approx,lightshap,approximation,permutation,64.0,50,0.1006,30100.0,1.1396916396733126e-16,5.27835147140383e-16,1.0,1.0,shap_true_value
adult_census,linear_regularized,4,1000,dalex_approx,dalex,approximation,permutation,64.0,50,2.5458,202601.0,1.137783443849738e-16,5.269513880706069e-16,1.0,1.0,shap_true_value
adult_census,linear_regularized,4,1000,shap_approx,shap,approximation,kernel,256.0,50,0.105,70150.0,4.888971172345435e-16,1.1600206892558404e-15,1.0,1.0,shap_true_value
adult_census,linear_regularized,4,1000,shap_approx,shap,approximation,permutation,256.0,50,4.3851,749863.0,9.686056210572724e-16,2.2982392829632935e-15,1.0,1.0,shap_true_value
adult_census,linear_regularized,4,1000,shapiq_approx,shapiq,approximation,kernel,256.0,50,1.7709,80101.0,5.706431809207167e-09,1.3539819989022914e-08,1.0,1.0,shap_true_value
adult_census,linear_regularized,4,1000,shapiq_approx,shapiq,approximation,permutation,256.0,50,32.7276,1270101.0,8.551709687609767e-16,2.029089519334971e-15,1.0,1.0,shap_true_value
adult_census,linear_regularized,4,1000,lightshap_approx,lightshap,approximation,kernel,256.0,50,0.0752,60150.0,2.3368243104449073e-16,5.544652344455619e-16,1.0,1.0,shap_true_value
adult_census,linear_regularized,4,1000,lightshap_approx,lightshap,approximation,permutation,256.0,50,0.0949,60150.0,2.2167163937769631e-16,5.259668728544072e-16,1.0,1.0,shap_true_value
adult_census,linear_regularized,4,1000,dalex_approx,dalex,approximation,permutation,256.0,50,9.6552,1605151.0,2.0883793826198536e-16,4.9551596960883055e-16,1.0,1.0,shap_true_value
adult_census,linear_regularized,4,1000,shap_true_value,shap,true_value,,,50,0.0012,,,,,,
adult_census,linear_regularized,4,1000,shap_approx,shap,approximation,kernel,512.0,50,0.0971,70150.0,4.888971172345435e-16,1.1600206892558404e-15,1.0,1.0,shap_true_value
adult_census,linear_regularized,4,1000,shap_approx,shap,approximation,permutation,512.0,50,5.1044,1479719.0,1.1829762430054512e-15,2.8068828152368344e-15,1.0,1.0,shap_true_value
adult_census,linear_regularized,4,1000,shapiq_approx,shapiq,approximation,kernel,512.0,50,1.7579,80101.0,5.706431809207167e-09,1.3539819989022914e-08,1.0,1.0,shap_true_value
adult_census,linear_regularized,4,1000,shapiq_approx,shapiq,approximation,permutation,512.0,50,62.0219,2560101.0,1.1308890022349028e-15,2.683293874312277e-15,1.0,1.0,shap_true_value
adult_census,linear_regularized,4,1000,lightshap_approx,lightshap,approximation,kernel,512.0,50,0.0761,60150.0,4.2569680419601853e-16,1.0100634321813154e-15,1.0,1.0,shap_true_value
adult_census,linear_regularized,4,1000,lightshap_approx,lightshap,approximation,permutation,512.0,50,0.097,60150.0,2.0977143633249542e-16,4.977309081654278e-16,1.0,1.0,shap_true_value
adult_census,linear_regularized,4,1000,dalex_approx,dalex,approximation,permutation,512.0,50,19.2099,3205151.0,2.2154370352134302e-16,5.256633156538515e-16,1.0,1.0,shap_true_value
adult_census,gradient_boosting,4,1000,shap_approx,shap,approximation,kernel,64.0,50,0.1243,35100.0,1.2933810261250151e-09,7.1294485114415345e-09,1.0,1.0,shap_true_value
adult_census,gradient_boosting,4,1000,shap_approx,shap,approximation,permutation,64.0,50,4.3916,96013.0,0.0023485003795288,0.0129455374686571,1.0,0.992,shap_true_value
adult_census,gradient_boosting,4,1000,shapiq_approx,shapiq,approximation,kernel,64.0,50,1.1426,40051.0,3.3837324913245717e-09,1.8652002840699276e-08,1.0,1.0,shap_true_value
adult_census,gradient_boosting,4,1000,shapiq_approx,shapiq,approximation,permutation,64.0,50,6.7852,155051.0,0.0135138688600292,0.0744919171395353,0.98,0.964,shap_true_value
adult_census,gradient_boosting,4,1000,lightshap_approx,lightshap,approximation,kernel,64.0,50,0.3361,113800.0,0.0025277839969289,0.0139337948293118,1.0,0.996,shap_true_value
adult_census,gradient_boosting,4,1000,lightshap_approx,lightshap,approximation,permutation,64.0,50,0.3347,58600.0,0.0037082216185544,0.0204406702777334,1.0,0.988,shap_true_value
adult_census,gradient_boosting,4,1000,dalex_approx,dalex,approximation,permutation,64.0,50,3.0792,202601.0,0.0137308650674678,0.0756880559856,0.995,0.9519999999999998,shap_true_value
adult_census,gradient_boosting,4,1000,shap_approx,shap,approximation,kernel,256.0,50,0.1153,70150.0,1.434461402386594e-09,7.631758532341863e-09,1.0,1.0,shap_true_value
adult_census,gradient_boosting,4,1000,shap_approx,shap,approximation,permutation,256.0,50,4.6527,749567.0,0.0008065737060434,0.0042912104521031,0.995,1.0,shap_true_value
adult_census,gradient_boosting,4,1000,shapiq_approx,shapiq,approximation,kernel,256.0,50,2.2704,80101.0,3.828013009827581e-09,2.0366160358906518e-08,1.0,1.0,shap_true_value
adult_census,gradient_boosting,4,1000,shapiq_approx,shapiq,approximation,permutation,256.0,50,42.4685,1270101.0,0.0056768938689964,0.0302027528588995,0.99,0.984,shap_true_value
adult_census,gradient_boosting,4,1000,lightshap_approx,lightshap,approximation,kernel,256.0,50,0.2004,131550.0,0.0023123721006846,0.0123025028627387,1.0,0.996,shap_true_value
adult_census,gradient_boosting,4,1000,lightshap_approx,lightshap,approximation,permutation,256.0,50,0.2281,88550.0,0.0027225559411655,0.0144848021000763,1.0,1.0,shap_true_value
adult_census,gradient_boosting,4,1000,dalex_approx,dalex,approximation,permutation,256.0,50,11.8085,1605151.0,0.006295849901869,0.0334957818502417,0.995,0.988,shap_true_value
adult_census,gradient_boosting,4,1000,shap_true_value,shap,true_value,,,50,0.0138,,,,,,
adult_census,gradient_boosting,4,1000,shap_approx,shap,approximation,kernel,512.0,50,0.1162,70150.0,1.434461402386594e-09,7.631758532341863e-09,1.0,1.0,shap_true_value
adult_census,gradient_boosting,4,1000,shap_approx,shap,approximation,permutation,512.0,50,5.6348,1479445.0,0.000586668973672,0.0031212522958321,1.0,0.996,shap_true_value
adult_census,gradient_boosting,4,1000,shapiq_approx,shapiq,approximation,kernel,512.0,50,2.2627,80101.0,3.828013009827581e-09,2.0366160358906518e-08,1.0,1.0,shap_true_value
adult_census,gradient_boosting,4,1000,shapiq_approx,shapiq,approximation,permutation,512.0,50,81.3406,2560101.0,0.0034414877520295,0.0183097317723598,0.995,0.984,shap_true_value
adult_census,gradient_boosting,4,1000,lightshap_approx,lightshap,approximation,kernel,512.0,50,0.2113,138150.0,0.0021649637687183,0.0115182469787184,1.0,0.996,shap_true_value
adult_census,gradient_boosting,4,1000,lightshap_approx,lightshap,approximation,permutation,512.0,50,0.2249,86950.0,0.0021524224326066,0.0114515233647415,0.995,0.996,shap_true_value
adult_census,gradient_boosting,4,1000,dalex_approx,dalex,approximation,permutation,512.0,50,23.7593,3205151.0,0.0039498556549958,0.0210143992347093,0.995,1.0,shap_true_value
adult_census,random_forest,14,1000,shap_approx,shap,approximation,kernel,64.0,50,0.2331,160100.0,0.0015336485700249,0.1070691121863002,0.9821826280623608,0.923542042472419,shap_true_value
adult_census,random_forest,14,1000,shap_approx,shap,approximation,permutation,64.0,50,4.3955,115685.0,0.0006411273602961,0.0447592353339069,0.988527724665392,0.9793860675858664,shap_true_value
adult_census,random_forest,14,1000,shapiq_approx,shapiq,approximation,kernel,64.0,50,2.1282,160051.0,0.0037387706665501,0.261016026591541,0.8597785977859779,0.8423927714919973,shap_true_value
adult_census,random_forest,14,1000,shapiq_approx,shapiq,approximation,permutation,64.0,50,5.8304,135051.0,0.0024409315287862,0.1704095558804838,0.960377358490566,0.9360809380563992,shap_true_value
adult_census,random_forest,14,1000,lightshap_approx,lightshap,approximation,kernel,64.0,50,2.8783,1447000.0,0.000560211555591,0.0391102336389022,0.9870848708487084,0.9781051570974524,shap_true_value
adult_census,random_forest,14,1000,lightshap_approx,lightshap,approximation,permutation,64.0,50,2.8647,1288900.0,0.000367290068134,0.025641742364304,0.9944237918215614,0.9886554494468314,shap_true_value
adult_census,random_forest,14,1000,dalex_approx,dalex,approximation,permutation,64.0,50,3.7056,190101.0,0.0019184593167579,0.1339340314498988,0.9845857418111752,0.966132012407702,shap_true_value
adult_census,random_forest,14,1000,shap_approx,shap,approximation,kernel,256.0,50,0.3505,1280150.0,0.0005865440547264,0.040761879994616,0.9957716701902748,0.9656539854507789,shap_true_value
adult_census,random_forest,14,1000,shap_approx,shap,approximation,permutation,256.0,50,4.1847,778483.0,0.0003088972930878,0.0214668178631205,0.996309963099631,0.9956081148094192,shap_true_value
adult_census,random_forest,14,1000,shapiq_approx,shapiq,approximation,kernel,256.0,50,4.4003,1280101.0,0.0015478554158534,0.1075682145298747,0.9226519337016574,0.9210811475859378,shap_true_value
adult_census,random_forest,14,1000,shapiq_approx,shapiq,approximation,permutation,256.0,50,22.746,1245101.0,0.0010912367345123,0.0758354985605552,0.985239852398524,0.9753710547723607,shap_true_value
adult_census,random_forest,14,1000,lightshap_approx,lightshap,approximation,kernel,256.0,50,4.8094,4750350.0,0.0004650311522214,0.0323173406462187,0.985267034990792,0.9816841675536222,shap_true_value
adult_census,random_forest,14,1000,lightshap_approx,lightshap,approximation,permutation,256.0,50,4.654,4095750.0,0.0003169779352685,0.0220283821040266,0.9981343283582088,0.9920961362933028,shap_true_value
adult_census,random_forest,14,1000,dalex_approx,dalex,approximation,permutation,256.0,50,12.4493,1355151.0,0.0010708172341188,0.0744164453489796,0.9963031423290204,0.9899709689533572,shap_true_value
adult_census,random_forest,14,1000,shap_true_value,shap,true_value,,,50,0.0032,,,,,,
adult_census,random_forest,14,1000,shap_approx,shap,approximation,kernel,512.0,50,0.5572,2560150.0,0.000370304143979,0.0257342870612202,0.9979423868312756,0.9805006179527572,shap_true_value
adult_census,random_forest,14,1000,shap_approx,shap,approximation,permutation,512.0,50,4.6737,1584143.0,0.0002134561037585,0.014834132262383,0.998158379373849,0.9987571190114352,shap_true_value
adult_census,random_forest,14,1000,shapiq_approx,shapiq,approximation,kernel,512.0,50,5.1952,2560101.0,0.0009910123219875,0.0688704028564144,0.9539594843462248,0.95684842518835,shap_true_value
adult_census,random_forest,14,1000,shapiq_approx,shapiq,approximation,permutation,512.0,50,38.8529,2545101.0,0.0007637399203363,0.0530761069505147,0.996316758747698,0.988779862866168,shap_true_value
adult_census,random_forest,14,1000,lightshap_approx,lightshap,approximation,kernel,512.0,50,5.2811,5145550.0,0.0004109057042235,0.0285558925535038,0.985267034990792,0.978370207175384,shap_true_value
adult_census,random_forest,14,1000,lightshap_approx,lightshap,approximation,permutation,512.0,50,4.9016,4218950.0,0.0002958986895196,0.0205634798879538,0.9962756052141528,0.9916893707841667,shap_true_value
adult_census,random_forest,14,1000,dalex_approx,dalex,approximation,permutation,512.0,50,28.3963,2780151.0,0.0008639382134442,0.0600393874857419,0.992633517495396,0.9873746730112858,shap_true_value
adult_census,decision_tree,14,1000,shap_approx,shap,approximation,kernel,64.0,50,0.1896,160100.0,0.0035487811964946,0.1677575806798104,0.9887640449438202,0.7247534928949115,shap_true_value
adult_census,decision_tree,14,1000,shap_approx,shap,approximation,permutation,64.0,50,4.1921,115839.0,0.001994712950974,0.0942938435135474,0.9720670391061452,0.9403470249441936,shap_true_value
adult_census,decision_tree,14,1000,shapiq_approx,shapiq,approximation,kernel,64.0,50,1.0892,160051.0,0.0089146308467973,0.421411414428575,0.9414893617021276,0.6945659337123251,shap_true_value
adult_census,decision_tree,14,1000,shapiq_approx,shapiq,approximation,permutation,64.0,50,2.7176,135051.0,0.0043421339657234,0.20526086246087,0.9555555555555556,0.7437861595279783,shap_true_value
adult_census,decision_tree,14,1000,lightshap_approx,lightshap,approximation,kernel,64.0,50,3.2142,2015100.0,0.0013386793554563,0.0632818980779092,0.9787234042553192,0.736653729634286,shap_true_value
adult_census,decision_tree,14,1000,lightshap_approx,lightshap,approximation,permutation,64.0,50,3.1691,1778400.0,0.0009072127025279,0.0428856555846324,0.978021978021978,0.9469544684269116,shap_true_value
adult_census,decision_tree,14,1000,dalex_approx,dalex,approximation,permutation,64.0,50,2.112,190101.0,0.0043749111075361,0.2068102997768484,0.9942528735632185,0.9601795656505714,shap_true_value
adult_census,decision_tree,14,1000,shap_approx,shap,approximation,kernel,256.0,50,0.2895,1280150.0,0.0011229746669384,0.0585926514167943,1.0,0.7755395051377826,shap_true_value
adult_census,decision_tree,14,1000,shap_approx,shap,approximation,permutation,256.0,50,4.0369,778387.0,0.0006207523095024,0.0323885522600469,0.9945054945054944,0.9880810295914136,shap_true_value
adult_census,decision_tree,14,1000,shapiq_approx,shapiq,approximation,kernel,256.0,50,2.4672,1280101.0,0.0026084968971516,0.1361016894827018,0.9782608695652174,0.742086360790764,shap_true_value
adult_census,decision_tree,14,1000,shapiq_approx,shapiq,approximation,permutation,256.0,50,11.5558,1245101.0,0.0015250353890294,0.0795706880826507,0.9945652173913044,0.7672144214610573,shap_true_value
adult_census,decision_tree,14,1000,lightshap_approx,lightshap,approximation,kernel,256.0,50,4.1085,4872550.0,0.0013441566624813,0.0701331072668329,0.9510869565217392,0.7233051506245858,shap_true_value
adult_census,decision_tree,14,1000,lightshap_approx,lightshap,approximation,permutation,256.0,50,4.4396,4790950.0,0.0008572206943473,0.0447265951849898,0.9887640449438202,0.8333762842630256,shap_true_value
adult_census,decision_tree,14,1000,dalex_approx,dalex,approximation,permutation,256.0,50,7.3263,1355151.0,0.0013464568107539,0.0702531204691887,0.9836956521739132,0.9762523844460748,shap_true_value
adult_census,decision_tree,14,1000,shap_true_value,shap,true_value,,,50,0.0013,,,,,,
adult_census,decision_tree,14,1000,shap_approx,shap,approximation,kernel,512.0,50,0.4743,2560150.0,0.0007256294123527,0.0378606503490143,1.0,0.7777478208680995,shap_true_value
adult_census,decision_tree,14,1000,shap_approx,shap,approximation,permutation,512.0,50,4.2377,1583453.0,0.0004186074769271,0.0218413849378514,0.9945652173913044,0.9915627292736612,shap_true_value
adult_census,decision_tree,14,1000,shapiq_approx,shapiq,approximation,kernel,512.0,50,2.9634,2560101.0,0.0018194428417021,0.0949317765887567,0.9945652173913044,0.7557653162358523,shap_true_value
adult_census,decision_tree,14,1000,shapiq_approx,shapiq,approximation,permutation,512.0,50,19.2145,2545101.0,0.0009300692469798,0.0485275623628616,0.9945652173913044,0.7684862108820407,shap_true_value
adult_census,decision_tree,14,1000,lightshap_approx,lightshap,approximation,kernel,512.0,50,5.2292,6182950.0,0.0012078513014242,0.0630211992765741,0.9836956521739132,0.742961076897997,shap_true_value
adult_census,decision_tree,14,1000,lightshap_approx,lightshap,approximation,permutation,512.0,50,5.0876,5358550.0,0.0010358263397859,0.0540455750625917,0.9830508474576272,0.8231329625854409,shap_true_value
adult_census,decision_tree,14,1000,dalex_approx,dalex,approximation,permutation,512.0,50,15.0767,2780151.0,0.0010243866689385,0.0534486954837208,1.0,0.9988407923697724,shap_true_value
adult_census,linear_regularized,14,1000,shap_approx,shap,approximation,kernel,64.0,50,0.1898,160100.0,0.0159548574590431,0.097930021046743,0.9919517102615694,0.9699316405715168,shap_true_value
adult_census,linear_regularized,14,1000,shap_approx,shap,approximation,permutation,64.0,50,4.2307,115843.0,2.1753943512630475e-16,1.3352448628953922e-15,1.0,1.0,shap_true_value
adult_census,linear_regularized,14,1000,shapiq_approx,shapiq,approximation,kernel,64.0,50,1.0509,160051.0,2.2227496580308073e-08,1.3643112848320744e-07,1.0,1.0,shap_true_value
adult_census,linear_regularized,14,1000,shapiq_approx,shapiq,approximation,permutation,64.0,50,2.6565,135051.0,2.1444976870677035e-16,1.3162806635429925e-15,1.0,1.0,shap_true_value
adult_census,linear_regularized,14,1000,lightshap_approx,lightshap,approximation,kernel,64.0,50,0.2095,130100.0,8.870429502534839e-16,5.444619922846891e-15,1.0,1.0,shap_true_value
adult_census,linear_regularized,14,1000,lightshap_approx,lightshap,approximation,permutation,64.0,50,0.2939,180100.0,1.107619390550945e-16,6.798505753303032e-16,1.0,1.0,shap_true_value
adult_census,linear_regularized,14,1000,dalex_approx,dalex,approximation,permutation,64.0,50,3.4255,190101.0,1.0790800916506333e-16,6.623333135864029e-16,1.0,1.0,shap_true_value
adult_census,linear_regularized,14,1000,shap_approx,shap,approximation,kernel,256.0,50,0.294,1280150.0,0.0088462241858888,0.0403422224613037,1.0,0.9838385104245484,shap_true_value
adult_census,linear_regularized,14,1000,shap_approx,shap,approximation,permutation,256.0,50,3.9421,778066.0,2.5598292087227115e-16,1.1673816673781105e-15,1.0,1.0,shap_true_value
adult_census,linear_regularized,14,1000,shapiq_approx,shapiq,approximation,kernel,256.0,50,2.2994,1280101.0,7.642864420757795e-08,3.485443396241652e-07,1.0,1.0,shap_true_value
adult_census,linear_regularized,14,1000,shapiq_approx,shapiq,approximation,permutation,256.0,50,10.8049,1245101.0,2.2714376262825527e-16,1.035863890637532e-15,1.0,1.0,shap_true_value
adult_census,linear_regularized,14,1000,lightshap_approx,lightshap,approximation,kernel,256.0,50,0.2193,260150.0,1.3622222769436666e-15,6.212263332175933e-15,1.0,1.0,shap_true_value
adult_census,linear_regularized,14,1000,lightshap_approx,lightshap,approximation,permutation,256.0,50,0.3059,360150.0,1.7441498394364452e-16,7.954001543464442e-16,1.0,1.0,shap_true_value
adult_census,linear_regularized,14,1000,dalex_approx,dalex,approximation,permutation,256.0,50,6.7866,1355151.0,1.162205872215097e-16,5.300110743013468e-16,1.0,1.0,shap_true_value
adult_census,linear_regularized,14,1000,shap_true_value,shap,true_value,,,50,0.0016,,,,,,
adult_census,linear_regularized,14,1000,shap_approx,shap,approximation,kernel,512.0,50,0.6035,2560150.0,0.0081874556579306,0.0373379817878885,1.0,0.9859719754573192,shap_true_value
adult_census,linear_regularized,14,1000,shap_approx,shap,approximation,permutation,512.0,50,4.2299,1583642.0,2.224618678754136e-16,1.014512629840769e-15,1.0,1.0,shap_true_value
adult_census,linear_regularized,14,1000,shapiq_approx,shapiq,approximation,kernel,512.0,50,2.9397,2560101.0,8.328832628848493e-08,3.798271575481339e-07,1.0,1.0,shap_true_value
adult_census,linear_regularized,14,1000,shapiq_approx,shapiq,approximation,permutation,512.0,50,18.3015,2545101.0,2.278512819888144e-16,1.039090454066129e-15,1.0,1.0,shap_true_value
adult_census,linear_regularized,14,1000,lightshap_approx,lightshap,approximation,kernel,512.0,50,0.2208,260150.0,1.6927137395134866e-15,7.719432925031292e-15,1.0,1.0,shap_true_value
adult_census,linear_regularized,14,1000,lightshap_approx,lightshap,approximation,permutation,512.0,50,0.3103,360150.0,1.638703433860998e-16,7.473124927398653e-16,1.0,1.0,shap_true_value
adult_census,linear_regularized,14,1000,dalex_approx,dalex,approximation,permutation,512.0,50,14.2774,2780151.0,1.0095687926520952e-16,4.604026301767123e-16,1.0,1.0,shap_true_value
adult_census,gradient_boosting,14,1000,shap_approx,shap,approximation,kernel,64.0,50,0.2134,160100.0,0.0132254049210107,0.130993854256482,0.941299790356394,0.9094387706785731,shap_true_value
adult_census,gradient_boosting,14,1000,shap_approx,shap,approximation,permutation,64.0,50,3.8433,115909.0,0.0100037968942939,0.0990847478931056,0.970679012345679,0.9708127271869296,shap_true_value
adult_census,gradient_boosting,14,1000,shapiq_approx,shapiq,approximation,kernel,64.0,50,1.3556,160051.0,0.0301053239945641,0.2981846262735615,0.8076923076923077,0.8603076923076923,shap_true_value
adult_census,gradient_boosting,14,1000,shapiq_approx,shapiq,approximation,permutation,64.0,50,3.5466,135051.0,0.0209947086487903,0.2079465862347884,0.9568567026194144,0.9530507115459508,shap_true_value
adult_census,gradient_boosting,14,1000,lightshap_approx,lightshap,approximation,kernel,64.0,50,4.4296,2436300.0,0.0031272953769086,0.0309749665334584,0.9492307692307692,0.986021978021978,shap_true_value
adult_census,gradient_boosting,14,1000,lightshap_approx,lightshap,approximation,permutation,64.0,50,4.2475,2111700.0,0.0024332857720341,0.0241009998325144,0.99537750385208,0.9912711328353118,shap_true_value
adult_census,gradient_boosting,14,1000,dalex_approx,dalex,approximation,permutation,64.0,50,2.5705,190101.0,0.015976406689398,0.158241740189634,0.9720496894409938,0.9579288647894448,shap_true_value
adult_census,gradient_boosting,14,1000,shap_approx,shap,approximation,kernel,256.0,50,0.3937,1280150.0,0.0058653967905374,0.0596625344293119,0.9775051124744376,0.952636584320278,shap_true_value
adult_census,gradient_boosting,14,1000,shap_approx,shap,approximation,permutation,256.0,50,4.0054,778669.0,0.0045041814874369,0.0458163177474395,0.98,0.9870769230769232,shap_true_value
adult_census,gradient_boosting,14,1000,shapiq_approx,shapiq,approximation,kernel,256.0,50,2.9144,1280101.0,0.0133000595453176,0.1352875668726407,0.8476923076923077,0.9176263736263736,shap_true_value
adult_census,gradient_boosting,14,1000,shapiq_approx,shapiq,approximation,permutation,256.0,50,14.142,1245101.0,0.0092019736742841,0.0936020342298597,0.9923076923076924,0.9846153846153848,shap_true_value
adult_census,gradient_boosting,14,1000,lightshap_approx,lightshap,approximation,kernel,256.0,50,7.1279,7459550.0,0.0028873765911077,0.0293702559996066,0.936923076923077,0.9762637362637364,shap_true_value
adult_census,gradient_boosting,14,1000,lightshap_approx,lightshap,approximation,permutation,256.0,50,6.9737,6610350.0,0.0019249726600556,0.0195807294386863,0.9984615384615384,0.9970109890109892,shap_true_value
adult_census,gradient_boosting,14,1000,dalex_approx,dalex,approximation,permutation,256.0,50,8.6516,1355151.0,0.0093233975644292,0.0948371522082393,0.9830769230769232,0.9793406593406594,shap_true_value
adult_census,gradient_boosting,14,1000,shap_true_value,shap,true_value,,,50,0.0157,,,,,,
adult_census,gradient_boosting,14,1000,shap_approx,shap,approximation,kernel,512.0,50,0.6289,2560150.0,0.0039571028180289,0.0402514597992513,0.9757085020242916,0.9605926310049848,shap_true_value
adult_census,gradient_boosting,14,1000,shap_approx,shap,approximation,permutation,512.0,50,5.1004,1583816.0,0.0029426005981943,0.0299319919471972,0.9938461538461538,0.9927912087912087,shap_true_value
adult_census,gradient_boosting,14,1000,shapiq_approx,shapiq,approximation,kernel,512.0,50,3.6184,2560101.0,0.0088649751053084,0.0901741009727997,0.8692307692307693,0.9388131868131868,shap_true_value
adult_census,gradient_boosting,14,1000,shapiq_approx,shapiq,approximation,permutation,512.0,50,24.1623,2545101.0,0.0062322876475917,0.0633945306049354,0.9953846153846154,0.9903296703296705,shap_true_value
adult_census,gradient_boosting,14,1000,lightshap_approx,lightshap,approximation,kernel,512.0,50,6.9365,7326950.0,0.002988664435865,0.0304005510914662,0.94,0.9816263736263736,shap_true_value
adult_census,gradient_boosting,14,1000,lightshap_approx,lightshap,approximation,permutation,512.0,50,6.7692,6438750.0,0.0019878446557392,0.0202202603589411,0.9892307692307692,0.996043956043956,shap_true_value
adult_census,gradient_boosting,14,1000,dalex_approx,dalex,approximation,permutation,512.0,50,17.8844,2780151.0,0.0064832525997219,0.065947334043771,0.9892307692307692,0.9876923076923078,shap_true_value
gisette,random_forest,4,1000,shap_approx,shap,approximation,kernel,64.0,50,0.1362,35100.0,3.129970011951797e-05,0.0003477967935259,1.0,1.0,shap_true_value
gisette,random_forest,4,1000,shap_approx,shap,approximation,permutation,64.0,50,4.1381,130374.0,0.0007966720762775,0.0088524807765892,0.995,1.0,shap_true_value
gisette,random_forest,4,1000,shapiq_approx,shapiq,approximation,kernel,64.0,50,1.8813,40051.0,3.1300630346901366e-05,0.0003478071300499,1.0,1.0,shap_true_value
gisette,random_forest,4,1000,shapiq_approx,shapiq,approximation,permutation,64.0,50,11.0455,155051.0,0.0037303567159606,0.0414510714021263,0.97,0.984,shap_true_value
gisette,random_forest,4,1000,lightshap_approx,lightshap,approximation,kernel,64.0,50,0.1673,43000.0,0.0011228793465467,0.0124772389113724,1.0,1.0,shap_true_value
gisette,random_forest,4,1000,lightshap_approx,lightshap,approximation,permutation,64.0,50,0.1874,32800.0,0.0013081141853159,0.0145355360428859,0.98,0.996,shap_true_value
gisette,random_forest,4,1000,dalex_approx,dalex,approximation,permutation,64.0,50,4.1756,202601.0,0.0042288677365719,0.0469904386754203,0.995,0.984,shap_true_value
gisette,random_forest,4,1000,shap_approx,shap,approximation,kernel,256.0,50,0.1399,70150.0,6.259601798796443e-05,0.0006736804934406,1.0,1.0,shap_true_value
gisette,random_forest,4,1000,shap_approx,shap,approximation,permutation,256.0,50,5.2008,985842.0,0.0004007073318903,0.0043125540849109,1.0,0.996,shap_true_value
gisette,random_forest,4,1000,shapiq_approx,shapiq,approximation,kernel,256.0,50,3.7279,80101.0,6.259705574787411e-05,0.00067369166218,1.0,1.0,shap_true_value
gisette,random_forest,4,1000,shapiq_approx,shapiq,approximation,permutation,256.0,50,70.9439,1270101.0,0.0017937634794182,0.0193051172386509,1.0,0.976,shap_true_value
gisette,random_forest,4,1000,lightshap_approx,lightshap,approximation,kernel,256.0,50,0.1725,86550.0,0.001059999896345,0.0114080939358491,0.995,0.992,shap_true_value
gisette,random_forest,4,1000,lightshap_approx,lightshap,approximation,permutation,256.0,50,0.2126,69750.0,0.0010933466524374,0.0117669835237349,0.995,0.996,shap_true_value
gisette,random_forest,4,1000,dalex_approx,dalex,approximation,permutation,256.0,50,16.2016,1605151.0,0.002055709882878,0.0221242771151102,0.995,0.992,shap_true_value
gisette,random_forest,4,1000,shap_true_value,shap,true_value,,,50,0.0039,,,,,,
gisette,random_forest,4,1000,shap_approx,shap,approximation,kernel,512.0,50,0.1425,70150.0,6.259601798796443e-05,0.0006736804934406,1.0,1.0,shap_true_value
gisette,random_forest,4,1000,shap_approx,shap,approximation,permutation,512.0,50,6.6118,1949769.0,0.0003462472148749,0.0037264350363987,1.0,1.0,shap_true_value
gisette,random_forest,4,1000,shapiq_approx,shapiq,approximation,kernel,512.0,50,3.7945,80101.0,6.259705574787411e-05,0.00067369166218,1.0,1.0,shap_true_value
gisette,random_forest,4,1000,shapiq_approx,shapiq,approximation,permutation,512.0,50,134.9061,2560101.0,0.0013643547819275,0.0146836689019716,1.0,0.992,shap_true_value
gisette,random_forest,4,1000,lightshap_approx,lightshap,approximation,kernel,512.0,50,0.1567,77550.0,0.0010873588714057,0.0117025409056626,0.99,0.996,shap_true_value
gisette,random_forest,4,1000,lightshap_approx,lightshap,approximation,permutation,512.0,50,0.2099,68750.0,0.001134569160401,0.0122106347398732,0.99,0.996,shap_true_value
gisette,random_forest,4,1000,dalex_approx,dalex,approximation,permutation,512.0,50,32.7781,3205151.0,0.0013872007949087,0.0149295457770993,1.0,0.992,shap_true_value
gisette,decision_tree,4,1000,shap_approx,shap,approximation,kernel,64.0,50,0.0955,35100.0,4.845600485563901e-09,4.7103666399442264e-08,1.0,1.0,shap_true_value
gisette,decision_tree,4,1000,shap_approx,shap,approximation,permutation,64.0,50,3.9449,130259.0,0.0021881154866646,0.0212704828296037,1.0,0.988,shap_true_value
gisette,decision_tree,4,1000,shapiq_approx,shapiq,approximation,kernel,64.0,50,0.9007,40051.0,6.56519598889768e-09,6.381970668636434e-08,1.0,1.0,shap_true_value
gisette,decision_tree,4,1000,shapiq_approx,shapiq,approximation,permutation,64.0,50,5.1639,155051.0,0.0039419680113144,0.0383195326802969,1.0,0.972,shap_true_value
gisette,decision_tree,4,1000,lightshap_approx,lightshap,approximation,kernel,64.0,50,0.5134,213700.0,0.0019851595517579,0.0192975656070392,1.0,0.992,shap_true_value
gisette,decision_tree,4,1000,lightshap_approx,lightshap,approximation,permutation,64.0,50,0.4861,92300.0,0.002438405843263,0.0237035339024958,1.0,1.0,shap_true_value
gisette,decision_tree,4,1000,dalex_approx,dalex,approximation,permutation,64.0,50,2.532,202601.0,0.0052433259028501,0.0509699210422346,1.0,0.976,shap_true_value
gisette,decision_tree,4,1000,shap_approx,shap,approximation,kernel,256.0,50,0.0957,70150.0,4.657863117093781e-09,4.247342510256061e-08,1.0,1.0,shap_true_value
gisette,decision_tree,4,1000,shap_approx,shap,approximation,permutation,256.0,50,4.4922,985949.0,0.001086698170372,0.0099092206421866,1.0,0.996,shap_true_value
gisette,decision_tree,4,1000,shapiq_approx,shapiq,approximation,kernel,256.0,50,1.7674,80101.0,5.538732482498945e-09,5.05057648420805e-08,1.0,1.0,shap_true_value
gisette,decision_tree,4,1000,shapiq_approx,shapiq,approximation,permutation,256.0,50,32.8182,1270101.0,0.0023802896033772,0.0217050286043029,1.0,0.988,shap_true_value
gisette,decision_tree,4,1000,lightshap_approx,lightshap,approximation,kernel,256.0,50,0.3599,296550.0,0.0019077953336349,0.0173965185702401,1.0,0.992,shap_true_value
gisette,decision_tree,4,1000,lightshap_approx,lightshap,approximation,permutation,256.0,50,0.3266,133950.0,0.0034366413823168,0.0313375311138957,1.0,0.988,shap_true_value
gisette,decision_tree,4,1000,dalex_approx,dalex,approximation,permutation,256.0,50,9.6669,1605151.0,0.0027505005033032,0.0250808523532776,1.0,0.992,shap_true_value
gisette,decision_tree,4,1000,shap_true_value,shap,true_value,,,50,0.0013,,,,,,
gisette,decision_tree,4,1000,shap_approx,shap,approximation,kernel,512.0,50,0.0972,70150.0,4.657863117093781e-09,4.247342510256061e-08,1.0,1.0,shap_true_value
gisette,decision_tree,4,1000,shap_approx,shap,approximation,permutation,512.0,50,5.2802,1949660.0,0.0008318021899538,0.0075849133233425,1.0,1.0,shap_true_value
gisette,decision_tree,4,1000,shapiq_approx,shapiq,approximation,kernel,512.0,50,1.8179,80101.0,5.538732482498945e-09,5.05057648420805e-08,1.0,1.0,shap_true_value
gisette,decision_tree,4,1000,shapiq_approx,shapiq,approximation,permutation,512.0,50,63.7987,2560101.0,0.0016381335504973,0.0149375670593883,1.0,0.996,shap_true_value
gisette,decision_tree,4,1000,lightshap_approx,lightshap,approximation,kernel,512.0,50,0.3519,288750.0,0.0019708126212202,0.0179711511811895,1.0,0.988,shap_true_value
gisette,decision_tree,4,1000,lightshap_approx,lightshap,approximation,permutation,512.0,50,0.3391,137150.0,0.0031364151367932,0.0285998729576758,1.0,0.992,shap_true_value
gisette,decision_tree,4,1000,dalex_approx,dalex,approximation,permutation,512.0,50,19.6375,3205151.0,0.0018401645179184,0.0167798168094227,1.0,0.992,shap_true_value
gisette,linear_regularized,4,1000,shap_approx,shap,approximation,kernel,64.0,50,0.0972,35100.0,2.052004399732965e-16,3.759868531120143e-16,1.0,1.0,shap_true_value
gisette,linear_regularized,4,1000,shap_approx,shap,approximation,permutation,64.0,50,4.0059,130339.0,2.458797054849526e-16,4.505230920627011e-16,1.0,1.0,shap_true_value
gisette,linear_regularized,4,1000,shapiq_approx,shapiq,approximation,kernel,64.0,50,0.9125,40051.0,8.540377922205272e-09,1.5648454846272025e-08,1.0,1.0,shap_true_value
gisette,linear_regularized,4,1000,shapiq_approx,shapiq,approximation,permutation,64.0,50,5.2181,155051.0,1.4599432773820808e-16,2.6750404563282715e-16,1.0,1.0,shap_true_value
gisette,linear_regularized,4,1000,lightshap_approx,lightshap,approximation,kernel,64.0,50,0.0762,30100.0,1.7387133399715536e-16,3.185828243082018e-16,1.0,1.0,shap_true_value
gisette,linear_regularized,4,1000,lightshap_approx,lightshap,approximation,permutation,64.0,50,0.0997,30100.0,7.393391454613153e-17,1.354684223487535e-16,1.0,1.0,shap_true_value
gisette,linear_regularized,4,1000,dalex_approx,dalex,approximation,permutation,64.0,50,2.6288,202601.0,7.016956460326184e-17,1.2857103904286902e-16,1.0,1.0,shap_true_value
gisette,linear_regularized,4,1000,shap_approx,shap,approximation,kernel,256.0,50,0.0981,70150.0,2.601044379879624e-16,4.562004770338327e-16,1.0,1.0,shap_true_value
gisette,linear_regularized,4,1000,shap_approx,shap,approximation,permutation,256.0,50,4.5734,985874.0,6.401476571049613e-16,1.1227631054756902e-15,1.0,1.0,shap_true_value
gisette,linear_regularized,4,1000,shapiq_approx,shapiq,approximation,kernel,256.0,50,1.847,80101.0,9.974950701263642e-09,1.7495192713766908e-08,1.0,1.0,shap_true_value
gisette,linear_regularized,4,1000,shapiq_approx,shapiq,approximation,permutation,256.0,50,34.8397,1270101.0,5.724240526028268e-16,1.0039818154703493e-15,1.0,1.0,shap_true_value
gisette,linear_regularized,4,1000,lightshap_approx,lightshap,approximation,kernel,256.0,50,0.0789,60150.0,2.1330159860610821e-16,3.7411238266026463e-16,1.0,1.0,shap_true_value
gisette,linear_regularized,4,1000,lightshap_approx,lightshap,approximation,permutation,256.0,50,0.1008,60150.0,1.0266093530830743e-16,1.8005831819969467e-16,1.0,1.0,shap_true_value
gisette,linear_regularized,4,1000,dalex_approx,dalex,approximation,permutation,256.0,50,9.9471,1605151.0,1.2836953722228372e-16,2.251489615879927e-16,1.0,1.0,shap_true_value
gisette,linear_regularized,4,1000,shap_true_value,shap,true_value,,,50,0.0012,,,,,,
gisette,linear_regularized,4,1000,shap_approx,shap,approximation,kernel,512.0,50,0.0984,70150.0,2.601044379879624e-16,4.562004770338327e-16,1.0,1.0,shap_true_value
gisette,linear_regularized,4,1000,shap_approx,shap,approximation,permutation,512.0,50,8.0016,1949591.0,7.833837745163664e-16,1.3739867508584e-15,1.0,1.0,shap_true_value
gisette,linear_regularized,4,1000,shapiq_approx,shapiq,approximation,kernel,512.0,50,1.8202,80101.0,9.974950701263642e-09,1.7495192713766908e-08,1.0,1.0,shap_true_value
gisette,linear_regularized,4,1000,shapiq_approx,shapiq,approximation,permutation,512.0,50,64.619,2560101.0,9.703175762876269e-16,1.7018523197870772e-15,1.0,1.0,shap_true_value
gisette,linear_regularized,4,1000,lightshap_approx,lightshap,approximation,kernel,512.0,50,0.0785,60150.0,1.9718601751428367e-16,3.458470603203666e-16,1.0,1.0,shap_true_value
gisette,linear_regularized,4,1000,lightshap_approx,lightshap,approximation,permutation,512.0,50,0.1008,60150.0,1.0495077029659683e-16,1.8407448886585887e-16,1.0,1.0,shap_true_value
gisette,linear_regularized,4,1000,dalex_approx,dalex,approximation,permutation,512.0,50,19.8214,3205151.0,1.3086753902769032e-16,2.295302386783536e-16,1.0,1.0,shap_true_value
gisette,gradient_boosting,4,1000,shap_approx,shap,approximation,kernel,64.0,50,0.1131,35100.0,5.635495513884193e-09,1.7926483980975537e-08,1.0,1.0,shap_true_value
gisette,gradient_boosting,4,1000,shap_approx,shap,approximation,permutation,64.0,50,4.0369,130171.0,0.0102347397133764,0.0325566575413421,0.98,0.976,shap_true_value
gisette,gradient_boosting,4,1000,shapiq_approx,shapiq,approximation,kernel,64.0,50,1.1714,40051.0,7.966961593590654e-09,2.534286630744093e-08,1.0,1.0,shap_true_value
gisette,gradient_boosting,4,1000,shapiq_approx,shapiq,approximation,permutation,64.0,50,6.9169,155051.0,0.0184737153189854,0.058764799105774,0.995,0.956,shap_true_value
gisette,gradient_boosting,4,1000,lightshap_approx,lightshap,approximation,kernel,64.0,50,0.9702,336400.0,0.0059661129658598,0.0189781764971119,0.995,0.984,shap_true_value
gisette,gradient_boosting,4,1000,lightshap_approx,lightshap,approximation,permutation,64.0,50,0.8934,134000.0,0.0065753522037515,0.0209161635670581,0.995,0.984,shap_true_value
gisette,gradient_boosting,4,1000,dalex_approx,dalex,approximation,permutation,64.0,50,3.0626,202601.0,0.0204452218801196,0.0650361519441337,0.985,0.968,shap_true_value
gisette,gradient_boosting,4,1000,shap_approx,shap,approximation,kernel,256.0,50,0.1151,70150.0,5.726334104386903e-09,1.7245109605108156e-08,1.0,1.0,shap_true_value
gisette,gradient_boosting,4,1000,shap_approx,shap,approximation,permutation,256.0,50,4.7312,986147.0,0.0050156018871178,0.015104707951405,0.98,0.996,shap_true_value
gisette,gradient_boosting,4,1000,shapiq_approx,shapiq,approximation,kernel,256.0,50,2.2933,80101.0,8.846551962254403e-09,2.664178433100627e-08,1.0,1.0,shap_true_value
gisette,gradient_boosting,4,1000,shapiq_approx,shapiq,approximation,permutation,256.0,50,43.3366,1270101.0,0.0088408237582692,0.0266245335901722,0.98,0.976,shap_true_value
gisette,gradient_boosting,4,1000,lightshap_approx,lightshap,approximation,kernel,256.0,50,0.8147,549150.0,0.0080083235917428,0.0241174223465198,0.965,0.992,shap_true_value
gisette,gradient_boosting,4,1000,lightshap_approx,lightshap,approximation,permutation,256.0,50,0.7484,224350.0,0.008877545552362,0.026735122904816,0.955,0.992,shap_true_value
gisette,gradient_boosting,4,1000,dalex_approx,dalex,approximation,permutation,256.0,50,11.8568,1605151.0,0.0103322426098247,0.031116007732852,0.965,0.972,shap_true_value
gisette,gradient_boosting,4,1000,shap_true_value,shap,true_value,,,50,0.0143,,,,,,
gisette,gradient_boosting,4,1000,shap_approx,shap,approximation,kernel,512.0,50,0.1169,70150.0,5.726334104386903e-09,1.7245109605108156e-08,1.0,1.0,shap_true_value
gisette,gradient_boosting,4,1000,shap_approx,shap,approximation,permutation,512.0,50,7.4415,1949688.0,0.0032763044234143,0.0098667363537513,0.98,0.992,shap_true_value
gisette,gradient_boosting,4,1000,shapiq_approx,shapiq,approximation,kernel,512.0,50,2.3237,80101.0,8.846551962254403e-09,2.664178433100627e-08,1.0,1.0,shap_true_value
gisette,gradient_boosting,4,1000,shapiq_approx,shapiq,approximation,permutation,512.0,50,83.3512,2560101.0,0.006403740609499,0.0192851493958223,0.985,0.988,shap_true_value
gisette,gradient_boosting,4,1000,lightshap_approx,lightshap,approximation,kernel,512.0,50,0.798,537750.0,0.008890878279817,0.0267752750059866,0.955,0.988,shap_true_value
gisette,gradient_boosting,4,1000,lightshap_approx,lightshap,approximation,permutation,512.0,50,0.8241,244550.0,0.0074896842566367,0.0225555169431005,0.97,0.988,shap_true_value
gisette,gradient_boosting,4,1000,dalex_approx,dalex,approximation,permutation,512.0,50,23.883,3205151.0,0.0067792677878949,0.0204160661801175,0.995,0.98,shap_true_value
gisette,random_forest,256,1000,shap_approx,shap,approximation,kernel,64.0,50,0.7677,160100.0,0.0024700259254488,1.3264529531660303,0.9,0.1474449786822827,shap_true_value
gisette,random_forest,256,1000,shap_approx,shap,approximation,permutation,64.0,50,5.6734,1483487.0,0.0002942825214091,0.1580355556459848,0.9900839054157132,0.9540466751665084,shap_true_value
gisette,random_forest,256,1000,shapiq_approx,shapiq,approximation,kernel,64.0,50,4.4389,160051.0,190969647767.62357,102554491690369.42,0.5279770444763271,0.0146627236502652,shap_true_value
gisette,random_forest,256,1000,shapiq_approx,shapiq,approximation,permutation,64.0,50,5.967,5051.0,0.0018621285583882,1.0000000000000002,,,shap_true_value
gisette,random_forest,256,1000,lightshap_approx,lightshap,approximation,kernel,64.0,50,145.0538,57400600.0,0.0006780116620656,0.3641057213861087,0.9899569583931134,0.5193195977954083,shap_true_value
gisette,random_forest,256,1000,lightshap_approx,lightshap,approximation,permutation,64.0,50,111.9708,58685800.0,4.736324169160427e-05,0.0254350009714689,0.9992826398852224,0.7728892448503158,shap_true_value
gisette,random_forest,256,1000,dalex_approx,dalex,approximation,permutation,64.0,50,17.5144,645101.0,0.0010278693351001,0.5519862366483498,0.966436327739388,0.8018499627966975,shap_true_value
gisette,random_forest,256,1000,shap_approx,shap,approximation,kernel,256.0,50,2.254,1280150.0,0.001016664708116,0.5382810867610103,0.9880239520958084,0.4051747043482153,shap_true_value
gisette,random_forest,256,1000,shap_approx,shap,approximation,permutation,256.0,50,7.0987,2985555.0,0.0003105099396784,0.1644019178062271,0.9932685115931188,0.9667585065685916,shap_true_value
gisette,random_forest,256,1000,shapiq_approx,shapiq,approximation,kernel,256.0,50,9.5536,1280101.0,0.188187017604731,99.63708933921718,0.6264285714285714,0.0812516570812564,shap_true_value
gisette,random_forest,256,1000,shapiq_approx,shapiq,approximation,permutation,256.0,50,11.9479,10101.0,0.0018887245588241,0.9999999999999996,,,shap_true_value
gisette,random_forest,256,1000,lightshap_approx,lightshap,approximation,kernel,256.0,50,331.4215,159426150.0,0.0006178943012449,0.3271489738184402,0.9842857142857144,0.5212916183722095,shap_true_value
gisette,random_forest,256,1000,lightshap_approx,lightshap,approximation,permutation,256.0,50,295.4544,171665350.0,4.006086787301364e-05,0.0212105400365816,1.0,0.7057479657206613,shap_true_value
gisette,random_forest,256,1000,dalex_approx,dalex,approximation,permutation,256.0,50,17.3779,1290151.0,0.0010678234788699,0.5653674983369743,0.967741935483871,0.794685875463493,shap_true_value
gisette,random_forest,256,1000,shap_true_value,shap,true_value,,,50,0.0064,,,,,,
gisette,random_forest,256,1000,shap_approx,shap,approximation,kernel,512.0,50,3.7793,2560150.0,0.0007266976812483,0.3847557749239825,0.997716894977169,0.5410673690757184,shap_true_value
gisette,random_forest,256,1000,shap_approx,shap,approximation,permutation,512.0,50,7.7887,2984627.0,0.0003072454899364,0.1626735293407646,0.9933234421364984,0.9702823630089504,shap_true_value
gisette,random_forest,256,1000,shapiq_approx,shapiq,approximation,kernel,512.0,50,12.1417,2560101.0,0.0045507064910361,2.4094071683323643,0.8607142857142858,0.3596336332561199,shap_true_value
gisette,random_forest,256,1000,shapiq_approx,shapiq,approximation,permutation,512.0,50,20.2397,2560101.0,0.0007227827593179,0.3826829888673198,0.9819432502149612,0.856184043436119,shap_true_value
gisette,random_forest,256,1000,lightshap_approx,lightshap,approximation,kernel,512.0,50,353.0076,164016150.0,0.000612009190396,0.3240330558189342,0.9842857142857144,0.5186103601055839,shap_true_value
gisette,random_forest,256,1000,lightshap_approx,lightshap,approximation,permutation,512.0,50,293.4135,169438950.0,3.9995487826312303e-05,0.0211759240591507,1.0,0.7058550679170341,shap_true_value
gisette,random_forest,256,1000,dalex_approx,dalex,approximation,permutation,512.0,50,34.6482,2575151.0,0.0006715896388651,0.3555783905744952,0.9840871021775544,0.8976663253871762,shap_true_value
gisette,decision_tree,256,1000,shap_approx,shap,approximation,kernel,64.0,50,0.7224,160100.0,0.0022832319480165,1.1428830229647249,0.9682539682539684,0.3041336505755903,shap_true_value
gisette,decision_tree,256,1000,shap_approx,shap,approximation,permutation,64.0,50,5.4147,1483536.0,0.0004181774590978,0.2093207915229933,0.9833887043189368,0.9146765739136778,shap_true_value
gisette,decision_tree,256,1000,shapiq_approx,shapiq,approximation,kernel,64.0,50,3.4736,160051.0,172276998069.45697,86234101844951.53,0.5074183976261127,0.008779213790344,shap_true_value
gisette,decision_tree,256,1000,shapiq_approx,shapiq,approximation,permutation,64.0,50,3.9544,5051.0,0.0019977827145368,1.0,,,shap_true_value
gisette,decision_tree,256,1000,lightshap_approx,lightshap,approximation,kernel,64.0,50,151.8048,60282100.0,0.0014045511248656,0.7030549992476381,0.9910979228486648,0.2716167273779126,shap_true_value
gisette,decision_tree,256,1000,lightshap_approx,lightshap,approximation,permutation,64.0,50,108.6707,60355600.0,8.244714331369842e-05,0.0412693245935963,1.0,0.7211474345865088,shap_true_value
gisette,decision_tree,256,1000,dalex_approx,dalex,approximation,permutation,64.0,50,11.9989,645101.0,0.0014007883447726,0.7011715210967676,0.9605263157894736,0.7607725469767197,shap_true_value
gisette,decision_tree,256,1000,shap_approx,shap,approximation,kernel,256.0,50,1.9578,1280150.0,0.0005017176278118,0.2363548447302499,1.0,0.5829521235814543,shap_true_value
gisette,decision_tree,256,1000,shap_approx,shap,approximation,permutation,256.0,50,6.6184,2987977.0,0.0004668752184151,0.2199408863471175,0.9909638554216867,0.9562954432201052,shap_true_value
gisette,decision_tree,256,1000,shapiq_approx,shapiq,approximation,kernel,256.0,50,7.4077,1280101.0,0.6697567086745161,315.5166055779137,0.64,0.057214715047789,shap_true_value
gisette,decision_tree,256,1000,shapiq_approx,shapiq,approximation,permutation,256.0,50,7.8259,10101.0,0.0021227304580301,1.0,,,shap_true_value
gisette,decision_tree,256,1000,lightshap_approx,lightshap,approximation,kernel,256.0,50,674.9053,326349150.0,0.0011647170032946,0.5486881289561067,1.0,0.2804924805427954,shap_true_value
gisette,decision_tree,256,1000,lightshap_approx,lightshap,approximation,permutation,256.0,50,547.3572,328778350.0,5.32724686484582e-05,0.0250962002485678,1.0,0.6274901104432263,shap_true_value
gisette,decision_tree,256,1000,dalex_approx,dalex,approximation,permutation,256.0,50,12.0422,1290151.0,0.0014809374508568,0.6976568528776377,0.9828326180257512,0.7870550493397381,shap_true_value
gisette,decision_tree,256,1000,shap_true_value,shap,true_value,,,50,0.0033,,,,,,
gisette,decision_tree,256,1000,shap_approx,shap,approximation,kernel,512.0,50,3.4856,2560150.0,0.0002451342849478,0.1154806461746108,1.0,0.710688619482582,shap_true_value
gisette,decision_tree,256,1000,shap_approx,shap,approximation,permutation,512.0,50,6.7379,2986735.0,0.0004612985419747,0.2173137622017274,0.9969879518072288,0.9679666162465488,shap_true_value
gisette,decision_tree,256,1000,shapiq_approx,shapiq,approximation,kernel,512.0,50,9.9653,2560101.0,0.0127394824025422,6.001460220420242,0.8914285714285715,0.2109017486444977,shap_true_value
gisette,decision_tree,256,1000,shapiq_approx,shapiq,approximation,permutation,512.0,50,14.2032,2560101.0,0.0009463648414455,0.4458243098484428,0.9724137931034482,0.6939476838801367,shap_true_value
gisette,decision_tree,256,1000,lightshap_approx,lightshap,approximation,kernel,512.0,50,954.382,449208150.0,0.0010170478318889,0.479122456664961,1.0,0.2808008618877744,shap_true_value
gisette,decision_tree,256,1000,lightshap_approx,lightshap,approximation,permutation,512.0,50,770.3122,451382150.0,5.207563041026532e-05,0.0245323800830516,1.0,0.6266376561367918,shap_true_value
gisette,decision_tree,256,1000,dalex_approx,dalex,approximation,permutation,512.0,50,24.3344,2575151.0,0.0010165194041743,0.4788735189288787,0.9722222222222222,0.8537364515843044,shap_true_value
gisette,linear_regularized,256,1000,shap_approx,shap,approximation,kernel,64.0,50,0.967,160100.0,0.1249171321876351,1.1025138918623012,0.7055214723926381,0.0982138963049769,shap_true_value
gisette,linear_regularized,256,1000,shap_approx,shap,approximation,permutation,64.0,50,5.2811,1484247.0,3.605971487224614e-16,3.1826168186064285e-15,1.0,1.0,shap_true_value
gisette,linear_regularized,256,1000,shapiq_approx,shapiq,approximation,kernel,64.0,50,3.5013,160051.0,3.546274356873001e+16,3.1299283567723014e+17,0.51921875,0.0070333886472877,shap_true_value
gisette,linear_regularized,256,1000,shapiq_approx,shapiq,approximation,permutation,64.0,50,3.9196,5051.0,0.1133020936150133,1.0,,,shap_true_value
gisette,linear_regularized,256,1000,lightshap_approx,lightshap,approximation,kernel,64.0,50,6.313,2550100.0,2.0590847221129426e-13,1.817340400707388e-12,1.0,1.0,shap_true_value
gisette,linear_regularized,256,1000,lightshap_approx,lightshap,approximation,permutation,64.0,50,8.7268,3810100.0,1.5115389510685638e-16,1.3340785706966622e-15,1.0,1.0,shap_true_value
gisette,linear_regularized,256,1000,dalex_approx,dalex,approximation,permutation,64.0,50,11.931,645101.0,2.8349420696403886e-16,2.502109166025807e-15,1.0,1.0,shap_true_value
gisette,linear_regularized,256,1000,shap_approx,shap,approximation,kernel,256.0,50,2.1747,1280150.0,0.1185880808258933,1.0247257388395243,0.8777555110220441,0.1974616815100098,shap_true_value
gisette,linear_regularized,256,1000,shap_approx,shap,approximation,permutation,256.0,50,6.6301,2986753.0,5.485379086463639e-16,4.7399444345877266e-15,1.0,1.0,shap_true_value
gisette,linear_regularized,256,1000,shapiq_approx,shapiq,approximation,kernel,256.0,50,7.4581,1280101.0,1.9198723095022892,16.58971590678373,0.713203125,0.464068679903868,shap_true_value
gisette,linear_regularized,256,1000,shapiq_approx,shapiq,approximation,permutation,256.0,50,7.8806,10101.0,0.1157266538070872,1.0000000000000002,,,shap_true_value
gisette,linear_regularized,256,1000,lightshap_approx,lightshap,approximation,kernel,256.0,50,10.0727,5100150.0,2.159505532778025e-13,1.866039898101481e-12,1.0,1.0,shap_true_value
gisette,linear_regularized,256,1000,lightshap_approx,lightshap,approximation,permutation,256.0,50,15.6927,7620150.0,1.8635172377393224e-16,1.6102748817448293e-15,1.0,1.0,shap_true_value
gisette,linear_regularized,256,1000,dalex_approx,dalex,approximation,permutation,256.0,50,12.0887,1290151.0,3.333301537131994e-16,2.880323095393828e-15,1.0,1.0,shap_true_value
gisette,linear_regularized,256,1000,shap_true_value,shap,true_value,,,50,0.0014,,,,,,
gisette,linear_regularized,256,1000,shap_approx,shap,approximation,kernel,512.0,50,3.4276,2560150.0,0.1135732089460043,0.981391971596512,0.954,0.2572123402243945,shap_true_value
gisette,linear_regularized,256,1000,shap_approx,shap,approximation,permutation,512.0,50,6.9133,2987517.0,5.279952420930789e-16,4.562434190599087e-15,1.0,1.0,shap_true_value
gisette,linear_regularized,256,1000,shapiq_approx,shapiq,approximation,kernel,512.0,50,9.8099,2560101.0,7.258817184752681e-07,6.272381466116617e-06,1.0,0.9999998712520024,shap_true_value
gisette,linear_regularized,256,1000,shapiq_approx,shapiq,approximation,permutation,512.0,50,13.9817,2560101.0,5.155862305916272e-16,4.455207280520643e-15,1.0,1.0,shap_true_value
gisette,linear_regularized,256,1000,lightshap_approx,lightshap,approximation,kernel,512.0,50,10.1666,5100150.0,2.221404046558344e-13,1.919526723948448e-12,1.0,1.0,shap_true_value
gisette,linear_regularized,256,1000,lightshap_approx,lightshap,approximation,permutation,512.0,50,15.2952,7620150.0,1.8640222202536295e-16,1.6107112397468065e-15,1.0,1.0,shap_true_value
gisette,linear_regularized,256,1000,dalex_approx,dalex,approximation,permutation,512.0,50,24.0186,2575151.0,2.50086000294357e-16,2.1610060609826555e-15,1.0,1.0,shap_true_value
gisette,gradient_boosting,256,1000,shap_approx,shap,approximation,kernel,64.0,50,0.8148,160100.0,178467741468.70923,23305560496486.844,0.776,0.1033798569053581,shap_true_value
gisette,gradient_boosting,256,1000,shap_approx,shap,approximation,permutation,64.0,50,5.1654,1483493.0,0.0023620068877776,0.3084473079739833,0.9311555075593952,0.7969272666448162,shap_true_value
gisette,gradient_boosting,256,1000,shapiq_approx,shapiq,approximation,kernel,64.0,50,6.4469,160051.0,330489440403147.25,4.315761259362418e+16,0.5044285111767187,-0.0035806223228144,shap_true_value
gisette,gradient_boosting,256,1000,shapiq_approx,shapiq,approximation,permutation,64.0,50,5.3141,5051.0,0.0076577322178375,0.9999999999999998,,,shap_true_value
gisette,gradient_boosting,256,1000,lightshap_approx,lightshap,approximation,kernel,64.0,50,175.2184,72114100.0,0.0043776089199871,0.5716586576101697,0.7414592998734711,0.4572872951163835,shap_true_value
gisette,gradient_boosting,256,1000,lightshap_approx,lightshap,approximation,permutation,64.0,50,122.4942,71335800.0,0.0003094535653309,0.0404106015368576,0.9942893401015228,0.9319121760176096,shap_true_value
gisette,gradient_boosting,256,1000,dalex_approx,dalex,approximation,permutation,64.0,50,15.4424,645101.0,0.0060038900568303,0.7840297735725443,0.9080508474576272,0.6068339885457796,shap_true_value
gisette,gradient_boosting,256,1000,shap_approx,shap,approximation,kernel,256.0,50,1.9841,1280150.0,0.0041996426143887,0.5314391517799901,0.926027397260274,0.2378223557608008,shap_true_value
gisette,gradient_boosting,256,1000,shap_approx,shap,approximation,permutation,256.0,50,6.405,2987832.0,0.0024510201198046,0.3101616430412061,0.9555669050051072,0.8502051333551652,shap_true_value
gisette,gradient_boosting,256,1000,shapiq_approx,shapiq,approximation,kernel,256.0,50,9.3898,1280101.0,0.9270395077528526,117.31119404750068,0.5514386255433658,0.0461873130129349,shap_true_value
gisette,gradient_boosting,256,1000,shapiq_approx,shapiq,approximation,permutation,256.0,50,10.3392,10101.0,0.0079023959757624,1.0,,,shap_true_value
gisette,gradient_boosting,256,1000,lightshap_approx,lightshap,approximation,kernel,256.0,50,666.9685,324666150.0,0.003477741870774,0.4400870168289033,0.7770647898985718,0.5081538531318376,shap_true_value
gisette,gradient_boosting,256,1000,lightshap_approx,lightshap,approximation,permutation,256.0,50,478.4649,319923350.0,0.0002301193352557,0.0291201979705369,0.9946136316552724,0.904997793364874,shap_true_value
gisette,gradient_boosting,256,1000,dalex_approx,dalex,approximation,permutation,256.0,50,15.1687,1290151.0,0.00613077454103,0.7758121156967874,0.9276236429433052,0.6416166843991988,shap_true_value
gisette,gradient_boosting,256,1000,shap_true_value,shap,true_value,,,50,0.0199,,,,,,
gisette,gradient_boosting,256,1000,shap_approx,shap,approximation,kernel,512.0,50,3.2675,2560150.0,0.0033307411134623,0.421484967809528,0.9694835680751174,0.3059330418178536,shap_true_value
gisette,gradient_boosting,256,1000,shap_approx,shap,approximation,permutation,512.0,50,6.507,2985148.0,0.002368238860688,0.2996861797297527,0.953076923076923,0.8434222491986225,shap_true_value
gisette,gradient_boosting,256,1000,shapiq_approx,shapiq,approximation,kernel,512.0,50,11.6394,2560101.0,0.0329865148535569,4.174242211442009,0.5872490167667149,0.1769560167709465,shap_true_value
gisette,gradient_boosting,256,1000,shapiq_approx,shapiq,approximation,permutation,512.0,50,18.5577,2560101.0,0.0041176744371634,0.5210665790214596,0.9439193446754884,0.7433520900012762,shap_true_value
gisette,gradient_boosting,256,1000,lightshap_approx,lightshap,approximation,kernel,512.0,50,787.8728,395913150.0,0.0034002992623497,0.4302871271926784,0.7683709376940592,0.5085998955875567,shap_true_value
gisette,gradient_boosting,256,1000,lightshap_approx,lightshap,approximation,permutation,512.0,50,588.7972,399871350.0,0.0002183154077835,0.0276264829620238,0.9937849596022374,0.9030277110994196,shap_true_value
gisette,gradient_boosting,256,1000,dalex_approx,dalex,approximation,permutation,512.0,50,30.2437,2575151.0,0.0040713314899256,0.51520216177636,0.9413875598086124,0.7619094476580236,shap_true_value
