dataset,model,n_features,library,approximator,budget,method,seed_count,run_count,time_cap_count,evals_missing_count,runtime_median,runtime_q25,runtime_q75,evals_median,cross_method_rho_median,successful_run_count
ames_housing,decision_tree,14,dalex,permutation,512,dalex / permutation,10,10,0,0,3.45205,3.4149249999999998,3.4819250000000004,556111.0,0.9399839860814514,10
ames_housing,decision_tree,14,dalex,permutation,1024,dalex / permutation,10,10,0,0,6.7356,6.65285,6.804375,1096111.0,0.9539307154172019,10
ames_housing,decision_tree,14,lightshap,kernel,512,lightshap / kernel,10,10,0,0,14.191099999999999,14.0948,14.2786,13312110.0,0.9486935478331224,10
ames_housing,decision_tree,14,lightshap,kernel,1024,lightshap / kernel,10,10,0,0,28.3461,28.11225,28.46595,26624110.0,0.9640172910081166,10
ames_housing,decision_tree,14,lightshap,permutation,512,lightshap / permutation,10,10,0,0,13.4293,13.377099999999999,13.57105,11292110.0,0.9545558790214008,10
ames_housing,decision_tree,14,lightshap,permutation,1024,lightshap / permutation,10,10,0,0,26.92655,26.707175,27.134225,22556110.0,0.9705198497740006,10
ames_housing,decision_tree,14,shap,kernel,512,shap / kernel,10,10,0,0,0.1402,0.136625,0.1419,512110.0,0.928684582391267,10
ames_housing,decision_tree,14,shap,kernel,1024,shap / kernel,10,10,0,0,0.2378,0.2344,0.2434,1024110.0,0.9540990893136144,10
ames_housing,decision_tree,14,shap,permutation,512,shap / permutation,10,10,0,0,4.49,4.43395,4.51125,345983.0,0.9432676351258057,10
ames_housing,decision_tree,14,shap,permutation,1024,shap / permutation,10,10,0,0,0.29325,0.28905000000000003,0.308475,699838.0,0.9633013630513153,10
ames_housing,decision_tree,14,shapiq,kernel,512,shapiq / kernel,10,10,0,0,0.71485,0.7015250000000001,0.7229,512101.0,0.906191243036438,10
ames_housing,decision_tree,14,shapiq,kernel,1024,shapiq / kernel,10,10,0,0,0.89735,0.8866499999999999,0.911875,1024101.0,0.9381382655144515,10
ames_housing,decision_tree,14,shapiq,permutation,512,shapiq / permutation,10,10,0,0,4.49115,4.43885,4.5512,509101.0,0.9365908826101695,10
ames_housing,decision_tree,14,shapiq,permutation,1024,shapiq / permutation,10,10,0,0,8.0899,7.994625,8.236525,1016101.0,0.9594585671173423,10
ames_housing,decision_tree,32,dalex,permutation,512,dalex / permutation,10,10,0,0,3.44345,3.428075,3.4678750000000003,529111.0,0.8487240477071374,10
ames_housing,decision_tree,32,dalex,permutation,1024,dalex / permutation,10,10,0,0,6.803599999999999,6.785525,6.8847000000000005,1057111.0,0.8897914849625015,10
ames_housing,decision_tree,32,lightshap,kernel,512,lightshap / kernel,10,10,0,0,29.83965,29.72325,30.014375,31744110.0,0.8580905375273612,10
ames_housing,decision_tree,32,lightshap,kernel,1024,lightshap / kernel,10,10,0,0,59.82505,59.396975,59.98475,63488110.0,0.891623599332736,10
ames_housing,decision_tree,32,lightshap,permutation,512,lightshap / permutation,10,10,0,0,28.924750000000003,28.7068,29.1371,29760110.0,0.8763323188948058,10
ames_housing,decision_tree,32,lightshap,permutation,1024,lightshap / permutation,10,10,0,0,57.50495,57.3104,58.46115,59456110.0,0.9074024694004983,10
ames_housing,decision_tree,32,shap,kernel,512,shap / kernel,10,10,0,0,0.19725,0.19565,0.199525,512110.0,0.7524910065264417,10
ames_housing,decision_tree,32,shap,kernel,1024,shap / kernel,10,10,0,0,0.41045,0.40854999999999997,0.41500000000000004,1024110.0,0.7881455646907819,10
ames_housing,decision_tree,32,shap,permutation,512,shap / permutation,10,10,0,0,4.41125,4.367375,4.474975000000001,343871.0,0.8516991137595751,10
ames_housing,decision_tree,32,shap,permutation,1024,shap / permutation,10,10,0,0,0.2257,0.221175,0.23105,706566.0,0.894892042749915,10
ames_housing,decision_tree,32,shapiq,kernel,512,shapiq / kernel,10,10,0,0,0.8089500000000001,0.800475,0.816625,512101.0,0.7256295934520268,10
ames_housing,decision_tree,32,shapiq,kernel,1024,shapiq / kernel,10,10,0,0,1.1284999999999998,1.1125,1.146,1024101.0,0.7864432835964343,10
ames_housing,decision_tree,32,shapiq,permutation,512,shapiq / permutation,10,10,0,0,3.09065,3.0693,3.11395,498101.0,0.8450973132506018,10
ames_housing,decision_tree,32,shapiq,permutation,1024,shapiq / permutation,10,10,0,0,4.709350000000001,4.6998750000000005,4.72755,994101.0,0.886535824402821,10
ames_housing,decision_tree,79,dalex,permutation,512,dalex / permutation,10,10,0,0,3.7204,3.7075,3.73465,481111.0,0.6360106452899862,10
ames_housing,decision_tree,79,dalex,permutation,1024,dalex / permutation,10,10,0,0,7.9748,7.9407,8.01295,1041111.0,0.7254290039420025,10
ames_housing,decision_tree,79,lightshap,kernel,512,lightshap / kernel,10,10,0,0,100.4802,99.84495,100.962475,79872110.0,0.6459888901550866,10
ames_housing,decision_tree,79,lightshap,kernel,1024,lightshap / kernel,10,10,0,0,200.752,200.08067499999999,202.93669999999997,159744110.0,0.7077297728587899,10
ames_housing,decision_tree,79,lightshap,permutation,512,lightshap / permutation,10,10,0,0,94.87989999999999,94.51135000000001,95.04665,77982110.0,0.702956112164665,10
ames_housing,decision_tree,79,lightshap,permutation,1024,lightshap / permutation,10,10,0,0,189.53175,189.243275,189.92340000000002,155806110.0,0.7613712255421332,10
ames_housing,decision_tree,79,shap,kernel,512,shap / kernel,10,10,0,0,0.34945,0.347625,0.353175,512110.0,0.48682805086527303,10
ames_housing,decision_tree,79,shap,kernel,1024,shap / kernel,10,10,0,0,0.66875,0.66335,0.6716249999999999,1024110.0,0.5358349779139026,10
ames_housing,decision_tree,79,shap,permutation,512,shap / permutation,10,10,0,0,4.4975000000000005,4.4700500000000005,4.542675,270964.0,0.6475490492516924,10
ames_housing,decision_tree,79,shap,permutation,1024,shap / permutation,10,10,0,0,0.3741,0.367825,0.39345,492658.5,0.7273214212547594,10
ames_housing,decision_tree,79,shapiq,kernel,512,shapiq / kernel,10,10,0,0,1.2664,1.2613249999999998,1.2730249999999999,512101.0,0.4208746518780534,10
ames_housing,decision_tree,79,shapiq,kernel,1024,shapiq / kernel,10,10,0,0,1.6517499999999998,1.6464750000000001,1.6713500000000001,1024101.0,0.5039895219424687,10
ames_housing,decision_tree,79,shapiq,permutation,512,shapiq / permutation,10,10,0,0,2.7477,2.722975,2.76595,470101.0,0.6368332742827856,10
ames_housing,decision_tree,79,shapiq,permutation,1024,shapiq / permutation,10,10,0,0,3.5858499999999998,3.56855,3.614875,1016101.0,0.7176204519209355,10
ames_housing,gradient_boosting,14,dalex,permutation,512,dalex / permutation,10,10,0,0,9.135349999999999,9.0429,9.1956,556111.0,0.974782884053056,10
ames_housing,gradient_boosting,14,dalex,permutation,1024,dalex / permutation,10,10,0,0,17.84905,17.73835,18.014875,1096111.0,0.984016127863006,10
ames_housing,gradient_boosting,14,lightshap,kernel,512,lightshap / kernel,10,10,0,0,26.8703,26.802325,27.03875,13312110.0,0.9785793079739855,10
ames_housing,gradient_boosting,14,lightshap,kernel,1024,lightshap / kernel,10,10,0,0,53.94755,53.63255,54.464075,26624110.0,0.984788394947215,10
ames_housing,gradient_boosting,14,lightshap,permutation,512,lightshap / permutation,10,10,0,0,25.3461,25.2046,25.50515,11292110.0,0.9806204330353765,10
ames_housing,gradient_boosting,14,lightshap,permutation,1024,lightshap / permutation,10,10,0,0,50.7731,50.484275,50.998799999999996,22556110.0,0.9863374181134026,10
ames_housing,gradient_boosting,14,shap,kernel,512,shap / kernel,10,10,0,0,0.3883,0.38175,0.398125,512110.0,0.9699671960849534,10
ames_housing,gradient_boosting,14,shap,kernel,1024,shap / kernel,10,10,0,0,0.68965,0.6810499999999999,0.7025250000000001,1024110.0,0.9807248355637376,10
ames_housing,gradient_boosting,14,shap,permutation,512,shap / permutation,10,10,0,0,4.84005,4.821225,4.88075,345983.0,0.9808528028787722,10
ames_housing,gradient_boosting,14,shap,permutation,1024,shap / permutation,10,10,0,0,1.02965,1.001725,1.0477,699838.0,0.9881687939978576,10
ames_housing,gradient_boosting,14,shapiq,kernel,512,shapiq / kernel,10,10,0,0,1.9639000000000002,1.94535,1.970675,512101.0,0.9605020791150767,10
ames_housing,gradient_boosting,14,shapiq,kernel,1024,shapiq / kernel,10,10,0,0,2.4052,2.37715,2.41445,1024101.0,0.9717579762635098,10
ames_housing,gradient_boosting,14,shapiq,permutation,512,shapiq / permutation,10,10,0,0,14.7105,14.677925,14.901075,509101.0,0.9767640564659593,10
ames_housing,gradient_boosting,14,shapiq,permutation,1024,shapiq / permutation,10,10,0,0,26.443199999999997,26.351325000000003,26.696625,1016101.0,0.981873490056736,10
ames_housing,gradient_boosting,32,dalex,permutation,512,dalex / permutation,10,10,0,0,8.993400000000001,8.924875,9.079625,529111.0,0.9403184849730493,10
ames_housing,gradient_boosting,32,dalex,permutation,1024,dalex / permutation,10,10,0,0,17.68495,17.613599999999998,17.8311,1057111.0,0.9505943151176324,10
ames_housing,gradient_boosting,32,lightshap,kernel,512,lightshap / kernel,10,10,0,0,53.207300000000004,52.763225000000006,53.56405,31744110.0,0.9455689529201875,10
ames_housing,gradient_boosting,32,lightshap,kernel,1024,lightshap / kernel,10,10,0,0,106.75465,105.732925,107.95305,63488110.0,0.9539628511748195,10
ames_housing,gradient_boosting,32,lightshap,permutation,512,lightshap / permutation,10,10,0,0,51.2261,51.168425,51.56295,29760110.0,0.9468048971035515,10
ames_housing,gradient_boosting,32,lightshap,permutation,1024,lightshap / permutation,10,10,0,0,103.63749999999999,102.5298,104.75959999999999,59456110.0,0.9548554290720208,10
ames_housing,gradient_boosting,32,shap,kernel,512,shap / kernel,10,10,0,0,0.43284999999999996,0.429375,0.450575,512110.0,0.7999845798966406,10
ames_housing,gradient_boosting,32,shap,kernel,1024,shap / kernel,10,10,0,0,0.8513999999999999,0.837075,0.858525,1024110.0,0.811999841100527,10
ames_housing,gradient_boosting,32,shap,permutation,512,shap / permutation,10,10,0,0,4.68565,4.6324749999999995,4.7195,343871.0,0.9450971114777553,10
ames_housing,gradient_boosting,32,shap,permutation,1024,shap / permutation,10,10,0,0,0.7201,0.7112,0.73695,706566.0,0.9533575619773795,10
ames_housing,gradient_boosting,32,shapiq,kernel,512,shapiq / kernel,10,10,0,0,2.5133,2.4503250000000003,2.544225,512101.0,0.8950783551516861,10
ames_housing,gradient_boosting,32,shapiq,kernel,1024,shapiq / kernel,10,10,0,0,3.0718,3.0178,3.105575,1024101.0,0.9206545994757184,10
ames_housing,gradient_boosting,32,shapiq,permutation,512,shapiq / permutation,10,10,0,0,9.59845,9.463424999999999,9.6661,498101.0,0.9396225174841037,10
ames_housing,gradient_boosting,32,shapiq,permutation,1024,shapiq / permutation,10,10,0,0,14.43395,14.293525,14.537875,994101.0,0.9502468591856881,10
ames_housing,gradient_boosting,79,dalex,permutation,512,dalex / permutation,10,10,0,0,8.97495,8.93785,9.0608,481111.0,0.8391463063563513,10
ames_housing,gradient_boosting,79,dalex,permutation,1024,dalex / permutation,10,10,0,0,19.31725,19.22405,19.539849999999998,1041111.0,0.8530741974837983,10
ames_housing,gradient_boosting,79,lightshap,kernel,512,lightshap / kernel,10,10,0,0,454.9361,448.437725,460.107425,79872110.0,0.8460871515438365,10
ames_housing,gradient_boosting,79,lightshap,kernel,1024,lightshap / kernel,10,10,10,0,,,,,,0
ames_housing,gradient_boosting,79,lightshap,permutation,512,lightshap / permutation,10,10,0,0,138.37885,136.204725,140.071575,77982110.0,0.8588599780944798,10
ames_housing,gradient_boosting,79,lightshap,permutation,1024,lightshap / permutation,10,10,0,0,278.033,275.9773,280.7983,155806110.0,0.8578582067402949,10
ames_housing,gradient_boosting,79,shap,kernel,512,shap / kernel,10,10,0,0,0.5796,0.573875,0.5826250000000001,512110.0,0.552021011709362,10
ames_housing,gradient_boosting,79,shap,kernel,1024,shap / kernel,10,10,0,0,1.0833,1.0701749999999999,1.09165,1024110.0,0.5686067049058205,10
ames_housing,gradient_boosting,79,shap,permutation,512,shap / permutation,10,10,0,0,4.66875,4.63785,4.70635,270964.0,0.8558457467057905,10
ames_housing,gradient_boosting,79,shap,permutation,1024,shap / permutation,10,10,0,0,0.7117,0.70265,0.7262249999999999,492658.5,0.8584785877112119,10
ames_housing,gradient_boosting,79,shapiq,kernel,512,shapiq / kernel,10,10,0,0,3.03955,2.9734000000000003,3.0702249999999998,512101.0,0.6794089619874767,10
ames_housing,gradient_boosting,79,shapiq,kernel,1024,shapiq / kernel,10,10,0,0,3.4316500000000003,3.410275,3.446525,1024101.0,0.7329215612841928,10
ames_housing,gradient_boosting,79,shapiq,permutation,512,shapiq / permutation,10,10,0,0,7.3556,7.326175,7.53335,470101.0,0.8413979224281383,10
ames_housing,gradient_boosting,79,shapiq,permutation,1024,shapiq / permutation,10,10,0,0,9.53805,9.486825,9.660449999999999,1016101.0,0.8500828788097952,10
ames_housing,linear_regularized,14,dalex,permutation,512,dalex / permutation,10,10,0,0,3.32925,3.299925,3.3547000000000002,556111.0,0.9980657245355462,10
ames_housing,linear_regularized,14,dalex,permutation,1024,dalex / permutation,10,10,0,0,6.506399999999999,6.459575,6.5565999999999995,1096111.0,0.9979360869033466,10
ames_housing,linear_regularized,14,lightshap,kernel,512,lightshap / kernel,10,10,0,0,13.59655,13.496675,13.749075000000001,13312110.0,0.9980657245355462,10
ames_housing,linear_regularized,14,lightshap,kernel,1024,lightshap / kernel,10,10,0,0,27.18555,27.003225,27.410075,26624110.0,0.9979360869033466,10
ames_housing,linear_regularized,14,lightshap,permutation,512,lightshap / permutation,10,10,0,0,13.100200000000001,12.81165,13.1341,11292110.0,0.9980657245355462,10
ames_housing,linear_regularized,14,lightshap,permutation,1024,lightshap / permutation,10,10,0,0,26.00545,25.655575,26.08455,22556110.0,0.9979360869033466,10
ames_housing,linear_regularized,14,shap,kernel,512,shap / kernel,10,10,0,0,0.13574999999999998,0.134875,0.15487499999999998,512110.0,0.9883943472132773,10
ames_housing,linear_regularized,14,shap,kernel,1024,shap / kernel,10,10,0,0,0.24395,0.242425,0.25434999999999997,1024110.0,0.9883943472132773,10
ames_housing,linear_regularized,14,shap,permutation,512,shap / permutation,10,10,0,0,4.49985,4.4639750000000005,5.3148,345983.0,0.9980657245355462,10
ames_housing,linear_regularized,14,shap,permutation,1024,shap / permutation,10,10,0,0,0.28485,0.2752,0.29025,699838.0,0.9979360869033466,10
ames_housing,linear_regularized,14,shapiq,kernel,512,shapiq / kernel,10,10,0,0,0.72865,0.722475,0.7388750000000001,512101.0,0.9980657245355462,10
ames_housing,linear_regularized,14,shapiq,kernel,1024,shapiq / kernel,10,10,0,0,0.89635,0.884575,0.902375,1024101.0,0.9979360869033466,10
ames_housing,linear_regularized,14,shapiq,permutation,512,shapiq / permutation,10,10,0,0,4.7883,4.7425999999999995,4.808999999999999,509101.0,0.9980657245355462,10
ames_housing,linear_regularized,14,shapiq,permutation,1024,shapiq / permutation,10,10,0,0,8.597850000000001,8.544925000000001,8.652125,1016101.0,0.9979360869033466,10
ames_housing,linear_regularized,32,dalex,permutation,512,dalex / permutation,10,10,0,0,3.3092,3.28625,3.3471,529111.0,0.9690503775829713,10
ames_housing,linear_regularized,32,dalex,permutation,1024,dalex / permutation,10,10,0,0,6.5527999999999995,6.50335,6.64275,1057111.0,0.9696581074490394,10
ames_housing,linear_regularized,32,lightshap,kernel,512,lightshap / kernel,10,10,0,0,29.0383,28.832575,29.488325,31744110.0,0.9690503775829713,10
ames_housing,linear_regularized,32,lightshap,kernel,1024,lightshap / kernel,10,10,0,0,57.924949999999995,57.2725,59.130625,63488110.0,0.9696581074490394,10
ames_housing,linear_regularized,32,lightshap,permutation,512,lightshap / permutation,10,10,0,0,28.052500000000002,27.743425000000002,28.477325,29760110.0,0.9690503775829713,10
ames_housing,linear_regularized,32,lightshap,permutation,1024,lightshap / permutation,10,10,0,0,56.03,55.221375,56.929525,59456110.0,0.9696581074490394,10
ames_housing,linear_regularized,32,shap,kernel,512,shap / kernel,10,10,0,0,0.1965,0.1936,0.19990000000000002,512110.0,0.8143022654978272,10
ames_housing,linear_regularized,32,shap,kernel,1024,shap / kernel,10,10,0,0,0.40264999999999995,0.3966,0.407375,1024110.0,0.8179486446942367,10
ames_housing,linear_regularized,32,shap,permutation,512,shap / permutation,10,10,0,0,4.412649999999999,4.37645,4.46955,343871.0,0.9690503775829713,10
ames_housing,linear_regularized,32,shap,permutation,1024,shap / permutation,10,10,0,0,0.20625,0.20165,0.2112,706566.0,0.9696581074490394,10
ames_housing,linear_regularized,32,shapiq,kernel,512,shapiq / kernel,10,10,0,0,0.8076000000000001,0.797825,0.8203750000000001,512101.0,0.9690503775829713,10
ames_housing,linear_regularized,32,shapiq,kernel,1024,shapiq / kernel,10,10,0,0,1.10745,1.09025,1.12705,1024101.0,0.9696581074490394,10
ames_housing,linear_regularized,32,shapiq,permutation,512,shapiq / permutation,10,10,0,0,3.2295999999999996,3.21445,3.29455,498101.0,0.9690503775829713,10
ames_housing,linear_regularized,32,shapiq,permutation,1024,shapiq / permutation,10,10,0,0,4.8815,4.855125,4.91025,994101.0,0.9696581074490394,10
ames_housing,linear_regularized,79,dalex,permutation,512,dalex / permutation,10,10,0,0,3.7093499999999997,3.692175,3.7516,481111.0,0.9261376486449497,10
ames_housing,linear_regularized,79,dalex,permutation,1024,dalex / permutation,10,10,0,0,7.890700000000001,7.81265,7.954475,1041111.0,0.9281192609673026,10
ames_housing,linear_regularized,79,lightshap,kernel,512,lightshap / kernel,10,10,0,0,108.37525,106.43165,109.4759,79872110.0,0.9260491859279267,10
ames_housing,linear_regularized,79,lightshap,kernel,1024,lightshap / kernel,10,10,0,0,217.59095000000002,215.4684,221.10765,159744110.0,0.9280879336520673,10
ames_housing,linear_regularized,79,lightshap,permutation,512,lightshap / permutation,10,10,0,0,105.4087,104.14677499999999,106.4549,77982110.0,0.9260520259421041,10
ames_housing,linear_regularized,79,lightshap,permutation,1024,lightshap / permutation,10,10,0,0,210.78379999999999,208.823275,213.35875,155806110.0,0.9280829636396022,10
ames_housing,linear_regularized,79,shap,kernel,512,shap / kernel,10,10,0,0,0.38815,0.384375,0.39035,512110.0,0.5591397329540626,10
ames_housing,linear_regularized,79,shap,kernel,1024,shap / kernel,10,10,0,0,0.7515000000000001,0.74765,0.756075,1024110.0,0.5702265680967237,10
ames_housing,linear_regularized,79,shap,permutation,512,shap / permutation,10,10,0,0,4.50085,4.49725,4.558125,270964.0,0.9261448698651915,10
ames_housing,linear_regularized,79,shap,permutation,1024,shap / permutation,10,10,0,0,0.41400000000000003,0.400725,0.420325,492658.5,0.9281192609673026,10
ames_housing,linear_regularized,79,shapiq,kernel,512,shapiq / kernel,10,10,0,0,1.2828,1.2658749999999999,1.29115,512101.0,0.9260535473717453,10
ames_housing,linear_regularized,79,shapiq,kernel,1024,shapiq / kernel,10,10,0,0,1.6279,1.6190000000000002,1.63825,1024101.0,0.9280864121927965,10
ames_housing,linear_regularized,79,shapiq,permutation,512,shapiq / permutation,10,10,0,0,2.8606499999999997,2.8185,2.864525,470101.0,0.9260753037851397,10
ames_housing,linear_regularized,79,shapiq,permutation,1024,shapiq / permutation,10,10,0,0,3.6993,3.67905,3.7161,1016101.0,0.9281090520413116,10
ames_housing,random_forest,14,dalex,permutation,512,dalex / permutation,10,10,0,0,40.4255,40.012699999999995,40.98375,556111.0,0.9728965907217846,10
ames_housing,random_forest,14,dalex,permutation,1024,dalex / permutation,10,10,0,0,79.6971,79.08507499999999,80.621275,1096111.0,0.9796695465104467,10
ames_housing,random_forest,14,lightshap,kernel,512,lightshap / kernel,10,10,0,0,86.39415,85.00295,87.59450000000001,13312110.0,0.9767183931369754,10
ames_housing,random_forest,14,lightshap,kernel,1024,lightshap / kernel,10,10,0,0,172.49079999999998,170.3039,175.151125,26624110.0,0.9820308745556552,10
ames_housing,random_forest,14,lightshap,permutation,512,lightshap / permutation,10,10,0,0,80.24924999999999,79.574025,81.6741,11292110.0,0.9800134592862564,10
ames_housing,random_forest,14,lightshap,permutation,1024,lightshap / permutation,10,10,0,0,161.0152,159.93574999999998,163.39035,22556110.0,0.9849703835501227,10
ames_housing,random_forest,14,shap,kernel,512,shap / kernel,10,10,0,0,1.7548,1.7156500000000001,1.776475,512110.0,0.965559604284404,10
ames_housing,random_forest,14,shap,kernel,1024,shap / kernel,10,10,0,0,3.18295,3.0989500000000003,3.20765,1024110.0,0.9741712469948063,10
ames_housing,random_forest,14,shap,permutation,512,shap / permutation,10,10,0,0,6.9489,6.8297,7.070975000000001,345983.0,0.9780243865631342,10
ames_housing,random_forest,14,shap,permutation,1024,shap / permutation,10,10,0,0,5.24705,5.1188,5.4636,699838.0,0.9845229449070643,10
ames_housing,random_forest,14,shapiq,kernel,512,shapiq / kernel,10,10,0,0,8.812249999999999,8.758125,8.95215,512101.0,0.9473932844229415,10
ames_housing,random_forest,14,shapiq,kernel,1024,shapiq / kernel,10,10,0,0,10.73225,10.58345,10.810425,1024101.0,0.9567933921109,10
ames_housing,random_forest,14,shapiq,permutation,512,shapiq / permutation,10,10,0,0,67.71764999999999,67.246225,68.387775,509101.0,0.9724620434777334,10
ames_housing,random_forest,14,shapiq,permutation,1024,shapiq / permutation,10,10,0,0,121.4028,120.47165,122.92935,1016101.0,0.9794116706653753,10
ames_housing,random_forest,32,dalex,permutation,512,dalex / permutation,10,10,0,0,39.034949999999995,38.12295,39.499,529111.0,0.9293276551361485,10
ames_housing,random_forest,32,dalex,permutation,1024,dalex / permutation,10,10,0,0,78.0625,76.6137,78.710275,1057111.0,0.9452083569270822,10
ames_housing,random_forest,32,lightshap,kernel,512,lightshap / kernel,10,10,0,0,140.1823,138.699975,141.064375,31744110.0,0.9339078772245879,10
ames_housing,random_forest,32,lightshap,kernel,1024,lightshap / kernel,10,10,0,0,279.84900000000005,276.92404999999997,282.90045,63488110.0,0.948162998586786,10
ames_housing,random_forest,32,lightshap,permutation,512,lightshap / permutation,10,10,0,0,134.93995,132.89265,135.8226,29760110.0,0.9367359565812994,10
ames_housing,random_forest,32,lightshap,permutation,1024,lightshap / permutation,10,10,0,0,269.73955,266.63885,272.594075,59456110.0,0.9495739040611962,10
ames_housing,random_forest,32,shap,kernel,512,shap / kernel,10,10,0,0,1.84505,1.8273,1.8809,512110.0,0.7965554383079638,10
ames_housing,random_forest,32,shap,kernel,1024,shap / kernel,10,10,0,0,3.61565,3.58365,3.683975,1024110.0,0.8114420322749558,10
ames_housing,random_forest,32,shap,permutation,512,shap / permutation,10,10,0,0,6.053850000000001,5.986825,6.2265,343871.0,0.935575116945026,10
ames_housing,random_forest,32,shap,permutation,1024,shap / permutation,10,10,0,0,3.49535,3.40485,3.599675,706566.0,0.9481339665254827,10
ames_housing,random_forest,32,shapiq,kernel,512,shapiq / kernel,10,10,0,0,9.003699999999998,8.814925,9.057400000000001,512101.0,0.8449699510643092,10
ames_housing,random_forest,32,shapiq,kernel,1024,shapiq / kernel,10,10,0,0,11.16565,10.98865,11.21995,1024101.0,0.8883457667717019,10
ames_housing,random_forest,32,shapiq,permutation,512,shapiq / permutation,10,10,0,0,42.132149999999996,41.14535,42.728674999999996,498101.0,0.9287417426372674,10
ames_housing,random_forest,32,shapiq,permutation,1024,shapiq / permutation,10,10,0,0,64.07679999999999,63.0342,64.76725,994101.0,0.9468759921214269,10
ames_housing,random_forest,79,dalex,permutation,512,dalex / permutation,10,10,0,0,35.929,35.631075,36.477875,481111.0,0.8147074538932431,10
ames_housing,random_forest,79,dalex,permutation,1024,dalex / permutation,10,10,0,0,77.7039,76.8626,78.6044,1041111.0,0.849765784123496,10
ames_housing,random_forest,79,lightshap,kernel,512,lightshap / kernel,10,10,0,0,291.78409999999997,289.29267500000003,293.79485,79872110.0,0.8120414307697479,10
ames_housing,random_forest,79,lightshap,kernel,1024,lightshap / kernel,10,10,0,0,584.9602,581.77355,588.726525,159744110.0,0.8398996080196517,10
ames_housing,random_forest,79,lightshap,permutation,512,lightshap / permutation,10,10,0,0,283.53864999999996,281.77935,287.544975,77982110.0,0.8329056604759402,10
ames_housing,random_forest,79,lightshap,permutation,1024,lightshap / permutation,10,10,0,0,565.5569,561.59005,576.188625,155806110.0,0.8589714754780616,10
ames_housing,random_forest,79,shap,kernel,512,shap / kernel,10,10,0,0,2.0499,2.037875,2.0610749999999998,512110.0,0.5385956761199222,10
ames_housing,random_forest,79,shap,kernel,1024,shap / kernel,10,10,0,0,4.6917,4.681325,4.7368,1024110.0,0.5657984502265578,10
ames_housing,random_forest,79,shap,permutation,512,shap / permutation,10,10,0,0,5.6395,5.498525,5.674250000000001,270964.0,0.8266141768816827,10
ames_housing,random_forest,79,shap,permutation,1024,shap / permutation,10,10,0,0,2.37165,2.34945,2.39275,492658.5,0.8526380321244856,10
ames_housing,random_forest,79,shapiq,kernel,512,shapiq / kernel,10,10,0,0,9.2894,9.250975,9.376125,512101.0,0.5768100515075705,10
ames_housing,random_forest,79,shapiq,kernel,1024,shapiq / kernel,10,10,0,0,11.4192,11.3885,11.531875,1024101.0,0.6588441721222074,10
ames_housing,random_forest,79,shapiq,permutation,512,shapiq / permutation,10,10,0,0,28.703699999999998,28.490875,29.0439,470101.0,0.8160300377649894,10
ames_housing,random_forest,79,shapiq,permutation,1024,shapiq / permutation,10,10,0,0,36.88745,36.56595,37.234525000000005,1016101.0,0.8455083755249679,10
covertype,decision_tree,14,dalex,permutation,512,dalex / permutation,10,10,0,0,3.712,3.676625,3.738375,556111.0,0.9147287587919963,10
covertype,decision_tree,14,dalex,permutation,1024,dalex / permutation,10,10,0,0,7.2456,7.208375,7.3278,1096111.0,0.9559205657025125,10
covertype,decision_tree,14,lightshap,kernel,512,lightshap / kernel,10,10,0,0,9.13635,9.0373,9.253375,13312110.0,0.9397488379997845,10
covertype,decision_tree,14,lightshap,kernel,1024,lightshap / kernel,10,10,0,0,18.3281,18.04705,18.545499999999997,26624110.0,0.9614725804709549,10
covertype,decision_tree,14,lightshap,permutation,512,lightshap / permutation,10,10,0,0,8.52785,8.340775,8.636625,11292110.0,0.9432024545737401,10
covertype,decision_tree,14,lightshap,permutation,1024,lightshap / permutation,10,10,0,0,16.907400000000003,16.680525,17.172075,22556110.0,0.9636914516658943,10
covertype,decision_tree,14,shap,kernel,512,shap / kernel,10,10,0,0,0.13415,0.13285,0.13685,512110.0,0.9076095958386388,10
covertype,decision_tree,14,shap,kernel,1024,shap / kernel,10,10,0,0,0.25555,0.2539,0.262775,1024110.0,0.9402923588827832,10
covertype,decision_tree,14,shap,permutation,512,shap / permutation,10,10,0,0,4.437099999999999,4.419725,4.4514,415915.0,0.9169743045010665,10
covertype,decision_tree,14,shap,permutation,1024,shap / permutation,10,10,0,0,0.28715,0.28585000000000005,0.290525,842643.5,0.9540917050976996,10
covertype,decision_tree,14,shapiq,kernel,512,shapiq / kernel,10,10,0,0,0.7065,0.6993,0.717425,512101.0,0.8681221230009146,10
covertype,decision_tree,14,shapiq,kernel,1024,shapiq / kernel,10,10,0,0,0.8874,0.88245,0.903275,1024101.0,0.9143777040862879,10
covertype,decision_tree,14,shapiq,permutation,512,shapiq / permutation,10,10,0,0,4.51435,4.4452750000000005,4.5299249999999995,509101.0,0.9165579906449857,10
covertype,decision_tree,14,shapiq,permutation,1024,shapiq / permutation,10,10,0,0,8.1135,8.032275,8.164950000000001,1016101.0,0.9443001544035814,10
covertype,decision_tree,28,dalex,permutation,512,dalex / permutation,10,10,0,0,3.7461,3.6731249999999998,3.774525,523111.0,0.798794114575911,10
covertype,decision_tree,28,dalex,permutation,1024,dalex / permutation,10,10,0,0,7.3281,7.217700000000001,7.3741,1074111.0,0.8574779664246326,10
covertype,decision_tree,28,lightshap,kernel,512,lightshap / kernel,10,10,0,0,16.135550000000002,16.074775,16.422825000000003,27648110.0,0.7966445210945872,10
covertype,decision_tree,28,lightshap,kernel,1024,lightshap / kernel,10,10,0,0,32.37405,32.076175000000006,32.707100000000004,55296110.0,0.8435248582400354,10
covertype,decision_tree,28,lightshap,permutation,512,lightshap / permutation,10,10,0,0,15.269950000000001,15.237224999999999,15.421,25656110.0,0.8329907540284627,10
covertype,decision_tree,28,lightshap,permutation,1024,lightshap / permutation,10,10,0,0,30.439300000000003,30.339750000000002,30.668125,51256110.0,0.8794197697872959,10
covertype,decision_tree,28,shap,kernel,512,shap / kernel,10,10,0,0,0.17665,0.173225,0.1777,512110.0,0.7087552152329779,10
covertype,decision_tree,28,shap,kernel,1024,shap / kernel,10,10,0,0,0.31375,0.31055,0.318775,1024110.0,0.7649230756662555,10
covertype,decision_tree,28,shap,permutation,512,shap / permutation,10,10,0,0,4.39555,4.36095,4.433725,230500.0,0.7934927257409843,10
covertype,decision_tree,28,shap,permutation,1024,shap / permutation,10,10,0,0,0.1992,0.196825,0.201425,469380.5,0.8582928303951745,10
covertype,decision_tree,28,shapiq,kernel,512,shapiq / kernel,10,10,0,0,0.7728999999999999,0.7632749999999999,0.780925,512101.0,0.6351739774352965,10
covertype,decision_tree,28,shapiq,kernel,1024,shapiq / kernel,10,10,0,0,1.0789,1.0669,1.0870250000000001,1024101.0,0.6976779421566751,10
covertype,decision_tree,28,shapiq,permutation,512,shapiq / permutation,10,10,0,0,2.9935,2.95095,3.0090000000000003,488101.0,0.7897941475053087,10
covertype,decision_tree,28,shapiq,permutation,1024,shapiq / permutation,10,10,0,0,5.0055499999999995,4.98065,5.05875,1001101.0,0.8405837591012161,10
covertype,decision_tree,54,dalex,permutation,512,dalex / permutation,10,10,0,0,3.6998,3.65205,3.7281750000000002,496111.0,0.6494400954041688,10
covertype,decision_tree,54,dalex,permutation,1024,dalex / permutation,10,10,0,0,7.7428,7.627575,7.908125,1046111.0,0.7231653906535263,10
covertype,decision_tree,54,lightshap,kernel,512,lightshap / kernel,10,10,0,0,38.6951,37.77325,39.792725,54272110.0,0.5771070761733146,10
covertype,decision_tree,54,lightshap,kernel,1024,lightshap / kernel,10,10,0,0,77.8335,75.926625,79.8572,108544110.0,0.6470774844368976,10
covertype,decision_tree,54,lightshap,permutation,512,lightshap / permutation,10,10,0,0,36.081649999999996,35.49935,37.242999999999995,52332110.0,0.7066304733320383,10
covertype,decision_tree,54,lightshap,permutation,1024,lightshap / permutation,10,10,0,0,72.3601,70.85895000000001,74.3303,104556110.0,0.7682059734508954,10
covertype,decision_tree,54,shap,kernel,512,shap / kernel,10,10,0,0,0.2455,0.244375,0.2485,512110.0,0.561587221550351,10
covertype,decision_tree,54,shap,kernel,1024,shap / kernel,10,10,0,0,0.4757,0.470525,0.47852500000000003,1024110.0,0.6526765763400799,10
covertype,decision_tree,54,shap,permutation,512,shap / permutation,10,10,0,0,4.378550000000001,4.351525,4.4262,207118.0,0.6682923227904618,10
covertype,decision_tree,54,shap,permutation,1024,shap / permutation,10,10,0,0,0.24655,0.238775,0.24982500000000002,395576.0,0.7497370633122176,10
covertype,decision_tree,54,shapiq,kernel,512,shapiq / kernel,10,10,0,0,0.90605,0.891275,0.9174,512101.0,0.40684883305969,10
covertype,decision_tree,54,shapiq,kernel,1024,shapiq / kernel,10,10,0,0,1.4021,1.28925,1.4172500000000001,1024101.0,0.4865084906939544,10
covertype,decision_tree,54,shapiq,permutation,512,shapiq / permutation,10,10,0,0,2.37455,2.3356,2.4174,479101.0,0.6348860478634941,10
covertype,decision_tree,54,shapiq,permutation,1024,shapiq / permutation,10,10,0,0,3.6453,3.6050500000000003,3.699325,1009101.0,0.7347372039965949,10
covertype,gradient_boosting,14,dalex,permutation,512,dalex / permutation,10,10,0,0,40.28605,40.0933,40.7326,556111.0,0.9762776048368482,10
covertype,gradient_boosting,14,dalex,permutation,1024,dalex / permutation,10,10,0,0,78.83985000000001,78.316225,79.59105,1096111.0,0.9853684025107863,10
covertype,gradient_boosting,14,lightshap,kernel,512,lightshap / kernel,10,10,0,0,82.28775,81.572775,82.449425,13312110.0,0.9843608718600326,10
covertype,gradient_boosting,14,lightshap,kernel,1024,lightshap / kernel,10,10,0,0,164.74509999999998,163.994825,165.57155,26624110.0,0.9897030254387975,10
covertype,gradient_boosting,14,lightshap,permutation,512,lightshap / permutation,10,10,0,0,76.1497,75.78694999999999,76.391775,11292110.0,0.9842328713752553,10
covertype,gradient_boosting,14,lightshap,permutation,1024,lightshap / permutation,10,10,0,0,151.59325,151.019525,152.86090000000002,22556110.0,0.9897573565634594,10
covertype,gradient_boosting,14,shap,kernel,512,shap / kernel,10,10,0,0,1.615,1.6056249999999999,1.634325,512110.0,0.9703561966757894,10
covertype,gradient_boosting,14,shap,kernel,1024,shap / kernel,10,10,0,0,3.0507,3.043125,3.079875,1024110.0,0.9770973535501689,10
covertype,gradient_boosting,14,shap,permutation,512,shap / permutation,10,10,0,0,6.836,6.831474999999999,6.8702749999999995,415915.0,0.9804682650927152,10
covertype,gradient_boosting,14,shap,permutation,1024,shap / permutation,10,10,0,0,5.1083,5.10045,5.1240749999999995,842643.5,0.9881744885381121,10
covertype,gradient_boosting,14,shapiq,kernel,512,shapiq / kernel,10,10,0,0,8.40815,8.372675000000001,8.45975,512101.0,0.9594045603895065,10
covertype,gradient_boosting,14,shapiq,kernel,1024,shapiq / kernel,10,10,0,0,10.07555,10.03345,10.098849999999999,1024101.0,0.9766155626568723,10
covertype,gradient_boosting,14,shapiq,permutation,512,shapiq / permutation,10,10,0,0,68.0644,67.925625,68.314625,509101.0,0.9750956207801535,10
covertype,gradient_boosting,14,shapiq,permutation,1024,shapiq / permutation,10,10,0,0,122.17445000000001,121.67552500000001,122.722175,1016101.0,0.9851164944097873,10
covertype,gradient_boosting,28,dalex,permutation,512,dalex / permutation,10,10,0,0,38.80605,38.32492499999999,39.080349999999996,523111.0,0.9147563008430071,10
covertype,gradient_boosting,28,dalex,permutation,1024,dalex / permutation,10,10,0,0,78.95385,78.048825,80.0327,1074111.0,0.9308550841304515,10
covertype,gradient_boosting,28,lightshap,kernel,512,lightshap / kernel,10,10,0,0,131.2178,129.9849,131.51765,27648110.0,0.9168805301740006,10
covertype,gradient_boosting,28,lightshap,kernel,1024,lightshap / kernel,10,10,0,0,262.56405,260.8772,264.00030000000004,55296110.0,0.9306428804126856,10
covertype,gradient_boosting,28,lightshap,permutation,512,lightshap / permutation,10,10,0,0,124.56055,123.96520000000001,125.33025,25656110.0,0.923157180467673,10
covertype,gradient_boosting,28,lightshap,permutation,1024,lightshap / permutation,10,10,0,0,248.80020000000002,247.647175,250.125675,51256110.0,0.9398902627981371,10
covertype,gradient_boosting,28,shap,kernel,512,shap / kernel,10,10,0,0,1.65725,1.63725,1.67195,512110.0,0.8305525638912592,10
covertype,gradient_boosting,28,shap,kernel,1024,shap / kernel,10,10,0,0,3.1447000000000003,3.117025,3.169075,1024110.0,0.847713570341953,10
covertype,gradient_boosting,28,shap,permutation,512,shap / permutation,10,10,0,0,5.7219,5.660025,5.770025,230500.0,0.9202848562326421,10
covertype,gradient_boosting,28,shap,permutation,1024,shap / permutation,10,10,0,0,2.776,2.7529,2.7994749999999997,469380.5,0.938615512014802,10
covertype,gradient_boosting,28,shapiq,kernel,512,shapiq / kernel,10,10,0,0,8.584900000000001,8.460700000000001,8.634375,512101.0,0.7914575723585535,10
covertype,gradient_boosting,28,shapiq,kernel,1024,shapiq / kernel,10,10,0,0,10.6737,10.573,10.724625,1024101.0,0.848665748720666,10
covertype,gradient_boosting,28,shapiq,permutation,512,shapiq / permutation,10,10,0,0,42.6633,42.525974999999995,43.007,488101.0,0.9038079907174897,10
covertype,gradient_boosting,28,shapiq,permutation,1024,shapiq / permutation,10,10,0,0,71.1748,70.866575,71.611075,1001101.0,0.9307416955602226,10
covertype,gradient_boosting,54,dalex,permutation,512,dalex / permutation,10,10,0,0,36.90495,36.752449999999996,37.1624,496111.0,0.7844536846556176,10
covertype,gradient_boosting,54,dalex,permutation,1024,dalex / permutation,10,10,0,0,77.1539,76.8923,77.75432500000001,1046111.0,0.8174675754156986,10
covertype,gradient_boosting,54,lightshap,kernel,512,lightshap / kernel,10,10,0,0,229.21744999999999,226.883925,230.4543,54272110.0,0.7154516079726402,10
covertype,gradient_boosting,54,lightshap,kernel,1024,lightshap / kernel,10,10,0,0,454.53915,452.286325,461.4617,108544110.0,0.7440353560823616,10
covertype,gradient_boosting,54,lightshap,permutation,512,lightshap / permutation,10,10,0,0,222.58395,218.74925000000002,225.15540000000001,52332110.0,0.7575524052481168,10
covertype,gradient_boosting,54,lightshap,permutation,1024,lightshap / permutation,10,10,0,0,442.80705,437.37962500000003,448.106425,104556110.0,0.7803314266223422,10
covertype,gradient_boosting,54,shap,kernel,512,shap / kernel,10,10,0,0,1.7053500000000001,1.697575,1.72885,512110.0,0.6792343748437395,10
covertype,gradient_boosting,54,shap,kernel,1024,shap / kernel,10,10,0,0,3.2708,3.24565,3.339975,1024110.0,0.692049765616056,10
covertype,gradient_boosting,54,shap,permutation,512,shap / permutation,10,10,0,0,5.56365,5.505425000000001,5.5846,207118.0,0.8029595394324621,10
covertype,gradient_boosting,54,shap,permutation,1024,shap / permutation,10,10,0,0,2.4196,2.332675,2.503025,395576.0,0.8270457492734526,10
covertype,gradient_boosting,54,shapiq,kernel,512,shapiq / kernel,10,10,0,0,9.18875,9.128924999999999,9.249075000000001,512101.0,0.537768901413156,10
covertype,gradient_boosting,54,shapiq,kernel,1024,shapiq / kernel,10,10,0,0,11.0043,10.9068,11.041500000000001,1024101.0,0.6062264235606278,10
covertype,gradient_boosting,54,shapiq,permutation,512,shapiq / permutation,10,10,0,0,29.56425,29.4069,29.8172,479101.0,0.7540639295555931,10
covertype,gradient_boosting,54,shapiq,permutation,1024,shapiq / permutation,10,10,0,0,44.65235,44.399499999999996,45.13775,1009101.0,0.7633076583067386,10
covertype,linear_regularized,14,dalex,permutation,512,dalex / permutation,10,10,0,0,3.89025,3.875475,3.90685,556111.0,0.9981583228442602,10
covertype,linear_regularized,14,dalex,permutation,1024,dalex / permutation,10,10,0,0,7.66295,7.58815,7.7241,1096111.0,0.9981583228442602,10
covertype,linear_regularized,14,lightshap,kernel,512,lightshap / kernel,10,10,0,0,9.167300000000001,9.061875,9.189924999999999,13312110.0,0.9981583228442602,10
covertype,linear_regularized,14,lightshap,kernel,1024,lightshap / kernel,10,10,0,0,18.2434,18.0771,18.320775,26624110.0,0.9981583228442602,10
covertype,linear_regularized,14,lightshap,permutation,512,lightshap / permutation,10,10,0,0,8.530850000000001,8.44255,8.5715,11292110.0,0.9981583228442602,10
covertype,linear_regularized,14,lightshap,permutation,1024,lightshap / permutation,10,10,0,0,17.00355,16.7159,17.095375,22556110.0,0.9981583228442602,10
covertype,linear_regularized,14,shap,kernel,512,shap / kernel,10,10,0,0,0.1878,0.171425,0.190425,512110.0,0.9889499370655613,10
covertype,linear_regularized,14,shap,kernel,1024,shap / kernel,10,10,0,0,0.32625000000000004,0.325325,0.32915,1024110.0,0.9889499370655613,10
covertype,linear_regularized,14,shap,permutation,512,shap / permutation,10,10,0,0,4.48205,4.460575,4.528225,415915.0,0.9981583228442602,10
covertype,linear_regularized,14,shap,permutation,1024,shap / permutation,10,10,0,0,0.294,0.292325,0.29745,842643.5,0.9981583228442602,10
covertype,linear_regularized,14,shapiq,kernel,512,shapiq / kernel,10,10,0,0,0.73455,0.725175,0.7419,512101.0,0.9981583228442602,10
covertype,linear_regularized,14,shapiq,kernel,1024,shapiq / kernel,10,10,0,0,0.9055,0.8997999999999999,0.91255,1024101.0,0.9981583228442602,10
covertype,linear_regularized,14,shapiq,permutation,512,shapiq / permutation,10,10,0,0,4.81485,4.79555,4.838325,509101.0,0.9981583228442602,10
covertype,linear_regularized,14,shapiq,permutation,1024,shapiq / permutation,10,10,0,0,8.6493,8.578425,8.7243,1016101.0,0.9981583228442602,10
covertype,linear_regularized,28,dalex,permutation,512,dalex / permutation,10,10,0,0,3.78695,3.7580999999999998,3.8066750000000003,523111.0,0.9762018787640551,10
covertype,linear_regularized,28,dalex,permutation,1024,dalex / permutation,10,10,0,0,7.7278,7.630725,7.77395,1074111.0,0.9762018787640551,10
covertype,linear_regularized,28,lightshap,kernel,512,lightshap / kernel,10,10,0,0,16.277099999999997,16.213449999999998,16.475425,27648110.0,0.9762018787640551,10
covertype,linear_regularized,28,lightshap,kernel,1024,lightshap / kernel,10,10,0,0,32.6459,32.4499,32.993674999999996,55296110.0,0.9762018787640551,10
covertype,linear_regularized,28,lightshap,permutation,512,lightshap / permutation,10,10,0,0,15.425650000000001,15.384925,15.597175,25656110.0,0.9762018787640551,10
covertype,linear_regularized,28,lightshap,permutation,1024,lightshap / permutation,10,10,0,0,30.83625,30.6449,31.161925,51256110.0,0.9762018787640551,10
covertype,linear_regularized,28,shap,kernel,512,shap / kernel,10,10,0,0,0.2373,0.22735,0.24225,512110.0,0.8572112725843314,10
covertype,linear_regularized,28,shap,kernel,1024,shap / kernel,10,10,0,0,0.38665,0.385675,0.38975000000000004,1024110.0,0.8572112725843314,10
covertype,linear_regularized,28,shap,permutation,512,shap / permutation,10,10,0,0,4.4367,4.4185,4.4731749999999995,230500.0,0.9762018787640551,10
covertype,linear_regularized,28,shap,permutation,1024,shap / permutation,10,10,0,0,0.20345000000000002,0.202225,0.20555,469380.5,0.9762018787640551,10
covertype,linear_regularized,28,shapiq,kernel,512,shapiq / kernel,10,10,0,0,0.8019000000000001,0.793525,0.8098000000000001,512101.0,0.9762018787640551,10
covertype,linear_regularized,28,shapiq,kernel,1024,shapiq / kernel,10,10,0,0,1.1028,1.08815,1.1135,1024101.0,0.9762018787640551,10
covertype,linear_regularized,28,shapiq,permutation,512,shapiq / permutation,10,10,0,0,3.1929,3.1812750000000003,3.221075,488101.0,0.9762018787640551,10
covertype,linear_regularized,28,shapiq,permutation,1024,shapiq / permutation,10,10,0,0,5.3767,5.32235,5.4028,1001101.0,0.9762018787640551,10
covertype,linear_regularized,54,dalex,permutation,512,dalex / permutation,10,10,0,0,3.9409,3.9211,3.9848250000000003,496111.0,0.9364909309255199,10
covertype,linear_regularized,54,dalex,permutation,1024,dalex / permutation,10,10,0,0,8.17985,8.1638,8.332825,1046111.0,0.9357253355021861,10
covertype,linear_regularized,54,lightshap,kernel,512,lightshap / kernel,10,10,0,0,48.23695,47.628075,49.232725,54272110.0,0.921107723327403,10
covertype,linear_regularized,54,lightshap,kernel,1024,lightshap / kernel,10,10,0,0,97.79335,96.649975,99.495175,108544110.0,0.9197084839792995,10
covertype,linear_regularized,54,lightshap,permutation,512,lightshap / permutation,10,10,0,0,46.3271,45.88,46.8534,52332110.0,0.9198277461985815,10
covertype,linear_regularized,54,lightshap,permutation,1024,lightshap / permutation,10,10,0,0,92.4174,91.72019999999999,93.59945,104556110.0,0.9201522222948222,10
covertype,linear_regularized,54,shap,kernel,512,shap / kernel,10,10,0,0,0.3214,0.320225,0.328575,512110.0,0.6830630280182314,10
covertype,linear_regularized,54,shap,kernel,1024,shap / kernel,10,10,0,0,0.5932,0.59285,0.5945,1024110.0,0.6827569399958151,10
covertype,linear_regularized,54,shap,permutation,512,shap / permutation,10,10,0,0,4.4696,4.44025,4.514575,207118.0,0.9364909309255199,10
covertype,linear_regularized,54,shap,permutation,1024,shap / permutation,10,10,0,0,0.2539,0.25115,0.25645,395576.0,0.9357253355021861,10
covertype,linear_regularized,54,shapiq,kernel,512,shapiq / kernel,10,10,0,0,0.9459,0.9396,0.9671000000000001,512101.0,0.9202492452444662,10
covertype,linear_regularized,54,shapiq,kernel,1024,shapiq / kernel,10,10,0,0,1.3665500000000002,1.3531,1.426125,1024101.0,0.9197617748625119,10
covertype,linear_regularized,54,shapiq,permutation,512,shapiq / permutation,10,10,0,0,2.4905,2.488475,2.52955,479101.0,0.9271365174184358,10
covertype,linear_regularized,54,shapiq,permutation,1024,shapiq / permutation,10,10,0,0,3.83185,3.8118,3.904525,1009101.0,0.9235461808827718,10
covertype,random_forest,14,dalex,permutation,512,dalex / permutation,10,10,0,0,39.3628,38.97285,39.774625,556111.0,0.9406801648351113,10
covertype,random_forest,14,dalex,permutation,1024,dalex / permutation,10,10,0,0,77.203,76.9363,78.01774999999999,1096111.0,0.9632551146378292,10
covertype,random_forest,14,lightshap,kernel,512,lightshap / kernel,10,10,0,0,74.48485,74.0685,74.790425,13312110.0,0.9565947907804808,10
covertype,random_forest,14,lightshap,kernel,1024,lightshap / kernel,10,10,0,0,149.2308,148.29465,149.56095,26624110.0,0.974674580002336,10
covertype,random_forest,14,lightshap,permutation,512,lightshap / permutation,10,10,0,0,69.9086,69.384875,70.069425,11292110.0,0.9577386094063658,10
covertype,random_forest,14,lightshap,permutation,1024,lightshap / permutation,10,10,0,0,138.96265,137.59965,139.77105,22556110.0,0.9744193976064923,10
covertype,random_forest,14,shap,kernel,512,shap / kernel,10,10,0,0,1.5874,1.5653,1.6086,512110.0,0.9225384300558779,10
covertype,random_forest,14,shap,kernel,1024,shap / kernel,10,10,0,0,3.1209,3.0835749999999997,3.155175,1024110.0,0.9545033662239519,10
covertype,random_forest,14,shap,permutation,512,shap / permutation,10,10,0,0,6.7105999999999995,6.6655999999999995,6.7879,415915.0,0.9503228687796332,10
covertype,random_forest,14,shap,permutation,1024,shap / permutation,10,10,0,0,4.92415,4.878525,4.992425000000001,842643.5,0.9698884255627105,10
covertype,random_forest,14,shapiq,kernel,512,shapiq / kernel,10,10,0,0,8.505849999999999,8.453075,8.58755,512101.0,0.8783900673144361,10
covertype,random_forest,14,shapiq,kernel,1024,shapiq / kernel,10,10,0,0,10.269300000000001,10.157575,10.366525,1024101.0,0.9352524725774192,10
covertype,random_forest,14,shapiq,permutation,512,shapiq / permutation,10,10,0,0,65.2988,64.792175,65.59200000000001,509101.0,0.9387960707796124,10
covertype,random_forest,14,shapiq,permutation,1024,shapiq / permutation,10,10,0,0,117.39144999999999,117.07835,118.218825,1016101.0,0.9632250331908883,10
covertype,random_forest,28,dalex,permutation,512,dalex / permutation,10,10,0,0,37.7338,37.6215,37.850899999999996,523111.0,0.8893281985269321,10
covertype,random_forest,28,dalex,permutation,1024,dalex / permutation,10,10,0,0,77.2139,76.461675,77.586625,1074111.0,0.9219037220277708,10
covertype,random_forest,28,lightshap,kernel,512,lightshap / kernel,10,10,0,0,112.49860000000001,110.406625,112.803775,27648110.0,0.910006667470372,10
covertype,random_forest,28,lightshap,kernel,1024,lightshap / kernel,10,10,0,0,225.136,222.14955,225.875275,55296110.0,0.9311460903584032,10
covertype,random_forest,28,lightshap,permutation,512,lightshap / permutation,10,10,0,0,107.31604999999999,106.445025,107.990175,25656110.0,0.9146024959335775,10
covertype,random_forest,28,lightshap,permutation,1024,lightshap / permutation,10,10,0,0,214.17435,212.7234,215.77355,51256110.0,0.9341386389787502,10
covertype,random_forest,28,shap,kernel,512,shap / kernel,10,10,0,0,1.76065,1.7135,1.79245,512110.0,0.7930002419703559,10
covertype,random_forest,28,shap,kernel,1024,shap / kernel,10,10,0,0,3.64435,3.553125,3.69495,1024110.0,0.827270069413431,10
covertype,random_forest,28,shap,permutation,512,shap / permutation,10,10,0,0,5.640000000000001,5.590375,5.683199999999999,230500.0,0.9038630993477612,10
covertype,random_forest,28,shap,permutation,1024,shap / permutation,10,10,0,0,2.74125,2.718675,2.752975,469380.5,0.9300403917580822,10
covertype,random_forest,28,shapiq,kernel,512,shapiq / kernel,10,10,0,0,8.5332,8.508975,8.61135,512101.0,0.7529380995188004,10
covertype,random_forest,28,shapiq,kernel,1024,shapiq / kernel,10,10,0,0,10.7055,10.627175000000001,10.772,1024101.0,0.8200683529878503,10
covertype,random_forest,28,shapiq,permutation,512,shapiq / permutation,10,10,0,0,40.024649999999994,39.876575,40.551175,488101.0,0.8912093693299504,10
covertype,random_forest,28,shapiq,permutation,1024,shapiq / permutation,10,10,0,0,67.69215,67.37235,67.98035,1001101.0,0.9251193225919392,10
covertype,random_forest,54,dalex,permutation,512,dalex / permutation,10,10,0,0,35.89935,35.717675,36.559175,496111.0,0.7716778167274874,10
covertype,random_forest,54,dalex,permutation,1024,dalex / permutation,10,10,0,0,75.50625,74.81665,76.76027500000001,1046111.0,0.8148474760124818,10
covertype,random_forest,54,lightshap,kernel,512,lightshap / kernel,10,10,0,0,198.42765,192.696575,200.22197500000001,54272110.0,0.7506052991916474,10
covertype,random_forest,54,lightshap,kernel,1024,lightshap / kernel,10,10,0,0,397.21835,386.059725,400.53285,108544110.0,0.7922853259664282,10
covertype,random_forest,54,lightshap,permutation,512,lightshap / permutation,10,10,0,0,191.33465,186.15085,193.345,52332110.0,0.7967507637026359,10
covertype,random_forest,54,lightshap,permutation,1024,lightshap / permutation,10,10,0,0,381.75829999999996,370.621825,386.5277,104556110.0,0.8323109044191439,10
covertype,random_forest,54,shap,kernel,512,shap / kernel,10,10,0,0,1.9882,1.9170250000000002,2.033125,512110.0,0.634932637111632,10
covertype,random_forest,54,shap,kernel,1024,shap / kernel,10,10,0,0,4.307449999999999,4.155625000000001,4.3812750000000005,1024110.0,0.6609302531456973,10
covertype,random_forest,54,shap,permutation,512,shap / permutation,10,10,0,0,5.582,5.519349999999999,5.606725,207118.0,0.7948939800735157,10
covertype,random_forest,54,shap,permutation,1024,shap / permutation,10,10,0,0,2.5515499999999998,2.4948249999999996,2.6419,395576.0,0.8355684475933108,10
covertype,random_forest,54,shapiq,kernel,512,shapiq / kernel,10,10,0,0,8.7049,8.55425,8.859725000000001,512101.0,0.48229086270974786,10
covertype,random_forest,54,shapiq,kernel,1024,shapiq / kernel,10,10,0,0,11.149149999999999,10.980699999999999,11.299,1024101.0,0.5816920590344425,10
covertype,random_forest,54,shapiq,permutation,512,shapiq / permutation,10,10,0,0,27.4014,27.005724999999998,27.91065,479101.0,0.7672290982146277,10
covertype,random_forest,54,shapiq,permutation,1024,shapiq / permutation,10,10,0,0,41.955799999999996,41.399499999999996,42.9319,1009101.0,0.802754848720536,10
diabetes_130,decision_tree,14,dalex,permutation,512,dalex / permutation,10,10,0,0,3.47265,3.42955,3.504925,556111.0,0.9180938567536796,10
diabetes_130,decision_tree,14,dalex,permutation,1024,dalex / permutation,10,10,0,0,6.7818000000000005,6.715825000000001,6.814075,1096111.0,0.9469758112207982,10
diabetes_130,decision_tree,14,lightshap,kernel,512,lightshap / kernel,10,10,0,0,13.91875,13.737725000000001,14.097375,13312110.0,0.9429679244411857,10
diabetes_130,decision_tree,14,lightshap,kernel,1024,lightshap / kernel,10,10,0,0,27.84135,27.470775,28.000725,26624110.0,0.9667277915489829,10
diabetes_130,decision_tree,14,lightshap,permutation,512,lightshap / permutation,10,10,0,0,13.3224,13.282499999999999,13.399325000000001,11292110.0,0.9452299127811523,10
diabetes_130,decision_tree,14,lightshap,permutation,1024,lightshap / permutation,10,10,0,0,26.5683,26.39975,26.631625,22556110.0,0.9663612663796246,10
diabetes_130,decision_tree,14,shap,kernel,512,shap / kernel,10,10,0,0,0.12575,0.12235,0.12787500000000002,512110.0,0.90267647506732,10
diabetes_130,decision_tree,14,shap,kernel,1024,shap / kernel,10,10,0,0,0.21725,0.2145,0.219825,1024110.0,0.9378882330738862,10
diabetes_130,decision_tree,14,shap,permutation,512,shap / permutation,10,10,0,0,4.3967,4.389825,4.472875,400753.0,0.9180313344085578,10
diabetes_130,decision_tree,14,shap,permutation,1024,shap / permutation,10,10,0,0,0.28735,0.283775,0.288625,811837.0,0.9515018781539456,10
diabetes_130,decision_tree,14,shapiq,kernel,512,shapiq / kernel,10,10,0,0,0.6971499999999999,0.6954,0.7078249999999999,512101.0,0.8958023934284529,10
diabetes_130,decision_tree,14,shapiq,kernel,1024,shapiq / kernel,10,10,0,0,0.88165,0.8698,0.88815,1024101.0,0.9377083123477182,10
diabetes_130,decision_tree,14,shapiq,permutation,512,shapiq / permutation,10,10,0,0,4.41555,4.357875,4.462875,509101.0,0.9123090067167341,10
diabetes_130,decision_tree,14,shapiq,permutation,1024,shapiq / permutation,10,10,0,0,7.9543,7.852975,8.052299999999999,1016101.0,0.9489405133084198,10
diabetes_130,decision_tree,24,dalex,permutation,512,dalex / permutation,10,10,0,0,3.33795,3.315475,3.3695,526111.0,0.8607622380267705,10
diabetes_130,decision_tree,24,dalex,permutation,1024,dalex / permutation,10,10,0,0,6.79905,6.769875,6.849475,1076111.0,0.9065032446035017,10
diabetes_130,decision_tree,24,lightshap,kernel,512,lightshap / kernel,10,10,0,0,22.113999999999997,21.868875,22.2741,23552110.0,0.8746880153803474,10
diabetes_130,decision_tree,24,lightshap,kernel,1024,lightshap / kernel,10,10,0,0,43.7487,43.639775,44.204575,47104110.0,0.9136534223989803,10
diabetes_130,decision_tree,24,lightshap,permutation,512,lightshap / permutation,10,10,0,0,21.216099999999997,21.143549999999998,21.358425,21552110.0,0.8852656565282311,10
diabetes_130,decision_tree,24,lightshap,permutation,1024,lightshap / permutation,10,10,0,0,42.32975,42.264225,42.89045,43056110.0,0.9230598298557569,10
diabetes_130,decision_tree,24,shap,kernel,512,shap / kernel,10,10,0,0,0.15565,0.1535,0.1594,512110.0,0.7883460557271597,10
diabetes_130,decision_tree,24,shap,kernel,1024,shap / kernel,10,10,0,0,0.28590000000000004,0.284825,0.290925,1024110.0,0.8301136372974705,10
diabetes_130,decision_tree,24,shap,permutation,512,shap / permutation,10,10,0,0,4.3841,4.361325,4.42345,312733.0,0.8455434201122196,10
diabetes_130,decision_tree,24,shap,permutation,1024,shap / permutation,10,10,0,0,0.2092,0.206875,0.21182499999999999,613790.5,0.9026853126332861,10
diabetes_130,decision_tree,24,shapiq,kernel,512,shapiq / kernel,10,10,0,0,0.7469,0.7412,0.756625,512101.0,0.7343706644553243,10
diabetes_130,decision_tree,24,shapiq,kernel,1024,shapiq / kernel,10,10,0,0,1.0382,1.0319,1.0468250000000001,1024101.0,0.8116578793759904,10
diabetes_130,decision_tree,24,shapiq,permutation,512,shapiq / permutation,10,10,0,0,3.38535,3.3600250000000003,3.45635,508101.0,0.8420193482551177,10
diabetes_130,decision_tree,24,shapiq,permutation,1024,shapiq / permutation,10,10,0,0,5.3563,5.3226,5.456025,1014101.0,0.8951535992914015,10
diabetes_130,decision_tree,47,dalex,permutation,512,dalex / permutation,10,10,0,0,3.5983,3.563475,3.6243499999999997,529111.0,0.7234756990838382,10
diabetes_130,decision_tree,47,dalex,permutation,1024,dalex / permutation,10,10,0,0,7.139049999999999,7.0699250000000005,7.225525,1057111.0,0.8062716857792644,10
diabetes_130,decision_tree,47,lightshap,kernel,512,lightshap / kernel,10,10,0,0,44.7706,44.057475,45.209325,47104110.0,0.7116771861122053,10
diabetes_130,decision_tree,47,lightshap,kernel,1024,lightshap / kernel,10,10,0,0,88.83375000000001,87.846525,90.237875,94208110.0,0.7633356414632083,10
diabetes_130,decision_tree,47,lightshap,permutation,512,lightshap / permutation,10,10,0,0,43.1656,42.55695,43.804475,45150110.0,0.7842067172516207,10
diabetes_130,decision_tree,47,lightshap,permutation,1024,lightshap / permutation,10,10,0,0,85.5139,84.6469,86.547575,90206110.0,0.83742760202864,10
diabetes_130,decision_tree,47,shap,kernel,512,shap / kernel,10,10,0,0,0.23595,0.23325,0.23765,512110.0,0.631142077419952,10
diabetes_130,decision_tree,47,shap,kernel,1024,shap / kernel,10,10,0,0,0.4444,0.443025,0.44794999999999996,1024110.0,0.685295460500484,10
diabetes_130,decision_tree,47,shap,permutation,512,shap / permutation,10,10,0,0,4.392099999999999,4.37535,4.429525,245488.0,0.7613916881105096,10
diabetes_130,decision_tree,47,shap,permutation,1024,shap / permutation,10,10,0,0,0.24004999999999999,0.23904999999999998,0.243775,496645.0,0.8217729833007155,10
diabetes_130,decision_tree,47,shapiq,kernel,512,shapiq / kernel,10,10,0,0,0.87875,0.870975,0.8866499999999999,512101.0,0.4941842068477837,10
diabetes_130,decision_tree,47,shapiq,kernel,1024,shapiq / kernel,10,10,0,0,1.27615,1.25545,1.352925,1024101.0,0.6099310385216209,10
diabetes_130,decision_tree,47,shapiq,permutation,512,shapiq / permutation,10,10,0,0,2.84595,2.8335,2.8621749999999997,508101.0,0.7430370198655188,10
diabetes_130,decision_tree,47,shapiq,permutation,1024,shapiq / permutation,10,10,0,0,4.0725999999999996,4.0268999999999995,4.0825000000000005,1014101.0,0.803151852660833,10
diabetes_130,gradient_boosting,14,dalex,permutation,512,dalex / permutation,10,10,0,0,9.23325,9.177325,9.302875,556111.0,0.9735164363365064,10
diabetes_130,gradient_boosting,14,dalex,permutation,1024,dalex / permutation,10,10,0,0,18.14445,17.926375,18.274225,1096111.0,0.982894033247409,10
diabetes_130,gradient_boosting,14,lightshap,kernel,512,lightshap / kernel,10,10,0,0,26.501649999999998,26.381225,26.616575,13312110.0,0.9835525553330384,10
diabetes_130,gradient_boosting,14,lightshap,kernel,1024,lightshap / kernel,10,10,0,0,53.29805,53.08665,53.522325,26624110.0,0.9884394938184891,10
diabetes_130,gradient_boosting,14,lightshap,permutation,512,lightshap / permutation,10,10,0,0,25.0157,24.845075,25.1117,11292110.0,0.9836064771708446,10
diabetes_130,gradient_boosting,14,lightshap,permutation,1024,lightshap / permutation,10,10,0,0,49.96865,49.7624,50.113825,22556110.0,0.9886049429136077,10
diabetes_130,gradient_boosting,14,shap,kernel,512,shap / kernel,10,10,0,0,0.3725,0.363925,0.3745,512110.0,0.9706525112636742,10
diabetes_130,gradient_boosting,14,shap,kernel,1024,shap / kernel,10,10,0,0,0.66785,0.653425,0.6683,1024110.0,0.9776714630641958,10
diabetes_130,gradient_boosting,14,shap,permutation,512,shap / permutation,10,10,0,0,4.8122,4.80335,4.860225,400753.0,0.9806176502472244,10
diabetes_130,gradient_boosting,14,shap,permutation,1024,shap / permutation,10,10,0,0,1.0444499999999999,1.0311249999999998,1.056325,811837.0,0.9860186371060623,10
diabetes_130,gradient_boosting,14,shapiq,kernel,512,shapiq / kernel,10,10,0,0,1.93835,1.927075,1.947325,512101.0,0.9631958720709008,10
diabetes_130,gradient_boosting,14,shapiq,kernel,1024,shapiq / kernel,10,10,0,0,2.3499,2.348775,2.3773999999999997,1024101.0,0.9785000659992267,10
diabetes_130,gradient_boosting,14,shapiq,permutation,512,shapiq / permutation,10,10,0,0,14.7075,14.600249999999999,14.84895,509101.0,0.9732551146378292,10
diabetes_130,gradient_boosting,14,shapiq,permutation,1024,shapiq / permutation,10,10,0,0,26.46275,26.19725,26.673074999999997,1016101.0,0.9831681445918508,10
diabetes_130,gradient_boosting,24,dalex,permutation,512,dalex / permutation,10,10,0,0,8.8947,8.822975,8.966625,526111.0,0.9453539599584477,10
diabetes_130,gradient_boosting,24,dalex,permutation,1024,dalex / permutation,10,10,0,0,18.02005,17.815549999999998,18.166475,1076111.0,0.9623340232226621,10
diabetes_130,gradient_boosting,24,lightshap,kernel,512,lightshap / kernel,10,10,0,0,40.55545,40.159975,41.901275,23552110.0,0.9591776452309952,10
diabetes_130,gradient_boosting,24,lightshap,kernel,1024,lightshap / kernel,10,10,0,0,81.7937,80.26115,85.20585,47104110.0,0.9686146924872763,10
diabetes_130,gradient_boosting,24,lightshap,permutation,512,lightshap / permutation,10,10,0,0,38.5146,38.020174999999995,38.807500000000005,21552110.0,0.9597043386833783,10
diabetes_130,gradient_boosting,24,lightshap,permutation,1024,lightshap / permutation,10,10,0,0,76.62065,75.8258,79.2489,43056110.0,0.9687540623135047,10
diabetes_130,gradient_boosting,24,shap,kernel,512,shap / kernel,10,10,0,0,0.3987,0.39139999999999997,0.41204999999999997,512110.0,0.8688006897344402,10
diabetes_130,gradient_boosting,24,shap,kernel,1024,shap / kernel,10,10,0,0,0.75065,0.7384250000000001,0.7773749999999999,1024110.0,0.8863130319962632,10
diabetes_130,gradient_boosting,24,shap,permutation,512,shap / permutation,10,10,0,0,4.6619,4.622199999999999,4.694800000000001,312733.0,0.9588221730983623,10
diabetes_130,gradient_boosting,24,shap,permutation,1024,shap / permutation,10,10,0,0,0.7127,0.702125,0.719625,613790.5,0.9674825318117006,10
diabetes_130,gradient_boosting,24,shapiq,kernel,512,shapiq / kernel,10,10,0,0,2.00525,1.969175,2.0151499999999998,512101.0,0.9206142535428878,10
diabetes_130,gradient_boosting,24,shapiq,kernel,1024,shapiq / kernel,10,10,0,0,2.81535,2.7836,2.8417,1024101.0,0.9426552556674657,10
diabetes_130,gradient_boosting,24,shapiq,permutation,512,shapiq / permutation,10,10,0,0,10.76295,10.653575,10.920350000000001,508101.0,0.9484408792540282,10
diabetes_130,gradient_boosting,24,shapiq,permutation,1024,shapiq / permutation,10,10,0,0,17.0051,16.9149,17.20315,1014101.0,0.9604856309738093,10
diabetes_130,gradient_boosting,47,dalex,permutation,512,dalex / permutation,10,10,0,0,9.25825,9.198599999999999,9.30385,529111.0,0.8512477684339852,10
diabetes_130,gradient_boosting,47,dalex,permutation,1024,dalex / permutation,10,10,0,0,18.3921,18.26535,18.477574999999998,1057111.0,0.8771414479854986,10
diabetes_130,gradient_boosting,47,lightshap,kernel,512,lightshap / kernel,10,10,0,0,74.7635,73.5921,76.585675,47104110.0,0.857091507386585,10
diabetes_130,gradient_boosting,47,lightshap,kernel,1024,lightshap / kernel,10,10,0,0,147.7099,147.07505,152.29775,94208110.0,0.8709031182917788,10
diabetes_130,gradient_boosting,47,lightshap,permutation,512,lightshap / permutation,10,10,0,0,72.33295000000001,71.792125,72.549025,45150110.0,0.8640839987958058,10
diabetes_130,gradient_boosting,47,lightshap,permutation,1024,lightshap / permutation,10,10,0,0,143.6676,142.593325,144.62302499999998,90206110.0,0.8817992859807975,10
diabetes_130,gradient_boosting,47,shap,kernel,512,shap / kernel,10,10,0,0,0.5024,0.49372499999999997,0.5121749999999999,512110.0,0.7078478605822494,10
diabetes_130,gradient_boosting,47,shap,kernel,1024,shap / kernel,10,10,0,0,0.8973,0.8890750000000001,0.905725,1024110.0,0.7159535241925352,10
diabetes_130,gradient_boosting,47,shap,permutation,512,shap / permutation,10,10,0,0,4.627599999999999,4.565799999999999,4.6705,245488.0,0.8716993233226225,10
diabetes_130,gradient_boosting,47,shap,permutation,1024,shap / permutation,10,10,0,0,0.6354,0.620025,0.643475,496645.0,0.8902023857360852,10
diabetes_130,gradient_boosting,47,shapiq,kernel,512,shapiq / kernel,10,10,0,0,2.7262500000000003,2.7003,2.7545,512101.0,0.734343695870666,10
diabetes_130,gradient_boosting,47,shapiq,kernel,1024,shapiq / kernel,10,10,0,0,3.1956499999999997,3.1324750000000003,3.215225,1024101.0,0.7763117377506354,10
diabetes_130,gradient_boosting,47,shapiq,permutation,512,shapiq / permutation,10,10,0,0,8.435649999999999,8.275725,8.495025,508101.0,0.8363220952093756,10
diabetes_130,gradient_boosting,47,shapiq,permutation,1024,shapiq / permutation,10,10,0,0,11.81735,11.6687,11.9559,1014101.0,0.8641553780290306,10
diabetes_130,linear_regularized,14,dalex,permutation,512,dalex / permutation,10,10,0,0,3.40645,3.34595,3.438175,556111.0,0.9978064492711471,10
diabetes_130,linear_regularized,14,dalex,permutation,1024,dalex / permutation,10,10,0,0,6.68775,6.533275,6.741175,1096111.0,0.99782496893289,10
diabetes_130,linear_regularized,14,lightshap,kernel,512,lightshap / kernel,10,10,0,0,13.8238,13.698174999999999,14.018925,13312110.0,0.9978064492711471,10
diabetes_130,linear_regularized,14,lightshap,kernel,1024,lightshap / kernel,10,10,0,0,27.59655,27.305975,27.8709,26624110.0,0.99782496893289,10
diabetes_130,linear_regularized,14,lightshap,permutation,512,lightshap / permutation,10,10,0,0,13.2151,13.021,13.382975,11292110.0,0.9978064492711471,10
diabetes_130,linear_regularized,14,lightshap,permutation,1024,lightshap / permutation,10,10,0,0,26.42125,25.950625000000002,26.726575,22556110.0,0.99782496893289,10
diabetes_130,linear_regularized,14,shap,kernel,512,shap / kernel,10,10,0,0,0.1745,0.165325,0.185575,512110.0,0.986838695626882,10
diabetes_130,linear_regularized,14,shap,kernel,1024,shap / kernel,10,10,0,0,0.2675,0.2656,0.268525,1024110.0,0.9869498135973389,10
diabetes_130,linear_regularized,14,shap,permutation,512,shap / permutation,10,10,0,0,4.455399999999999,4.445025,4.53515,400753.0,0.9978064492711471,10
diabetes_130,linear_regularized,14,shap,permutation,1024,shap / permutation,10,10,0,0,0.28575,0.281075,0.2875,811837.0,0.99782496893289,10
diabetes_130,linear_regularized,14,shapiq,kernel,512,shapiq / kernel,10,10,0,0,0.7335499999999999,0.716175,0.7437,512101.0,0.9978064492711471,10
diabetes_130,linear_regularized,14,shapiq,kernel,1024,shapiq / kernel,10,10,0,0,0.9016500000000001,0.8794000000000001,0.9134500000000001,1024101.0,0.99782496893289,10
diabetes_130,linear_regularized,14,shapiq,permutation,512,shapiq / permutation,10,10,0,0,4.87385,4.734325,4.892,509101.0,0.9978064492711471,10
diabetes_130,linear_regularized,14,shapiq,permutation,1024,shapiq / permutation,10,10,0,0,8.814499999999999,8.576175,8.909725,1016101.0,0.99782496893289,10
diabetes_130,linear_regularized,24,dalex,permutation,512,dalex / permutation,10,10,0,0,3.2159000000000004,3.17015,3.2503,526111.0,0.9803779461480711,10
diabetes_130,linear_regularized,24,dalex,permutation,1024,dalex / permutation,10,10,0,0,6.47605,6.4055,6.605475,1076111.0,0.9813083778228734,10
diabetes_130,linear_regularized,24,lightshap,kernel,512,lightshap / kernel,10,10,0,0,21.4174,21.252924999999998,21.733249999999998,23552110.0,0.9803779461480711,10
diabetes_130,linear_regularized,24,lightshap,kernel,1024,lightshap / kernel,10,10,0,0,42.66355,42.405925,43.3831,47104110.0,0.9813083778228734,10
diabetes_130,linear_regularized,24,lightshap,permutation,512,lightshap / permutation,10,10,0,0,20.60255,20.369574999999998,20.99825,21552110.0,0.9803779461480711,10
diabetes_130,linear_regularized,24,lightshap,permutation,1024,lightshap / permutation,10,10,0,0,41.1091,40.6538,41.958825,43056110.0,0.9813083778228734,10
diabetes_130,linear_regularized,24,shap,kernel,512,shap / kernel,10,10,0,0,0.21795,0.205225,0.224875,512110.0,0.8822676768884271,10
diabetes_130,linear_regularized,24,shap,kernel,1024,shap / kernel,10,10,0,0,0.40595000000000003,0.39994999999999997,0.41235,1024110.0,0.887850266937241,10
diabetes_130,linear_regularized,24,shap,permutation,512,shap / permutation,10,10,0,0,4.4125,4.36475,4.440925,312733.0,0.9803779461480711,10
diabetes_130,linear_regularized,24,shap,permutation,1024,shap / permutation,10,10,0,0,0.20305,0.19922499999999999,0.20700000000000002,613790.5,0.9813083778228734,10
diabetes_130,linear_regularized,24,shapiq,kernel,512,shapiq / kernel,10,10,0,0,0.7653,0.75485,0.7783,512101.0,0.9803779461480711,10
diabetes_130,linear_regularized,24,shapiq,kernel,1024,shapiq / kernel,10,10,0,0,1.0441,1.0349,1.0537,1024101.0,0.9813083778228734,10
diabetes_130,linear_regularized,24,shapiq,permutation,512,shapiq / permutation,10,10,0,0,3.5791500000000003,3.5549999999999997,3.636325,508101.0,0.9803779461480711,10
diabetes_130,linear_regularized,24,shapiq,permutation,1024,shapiq / permutation,10,10,0,0,5.68585,5.6297,5.7372000000000005,1014101.0,0.9813083778228734,10
diabetes_130,linear_regularized,47,dalex,permutation,512,dalex / permutation,10,10,0,0,3.49465,3.4673499999999997,3.563325,529111.0,0.9450608721991614,10
diabetes_130,linear_regularized,47,dalex,permutation,1024,dalex / permutation,10,10,0,0,6.9541,6.8755749999999995,7.023875,1057111.0,0.9455371927050564,10
diabetes_130,linear_regularized,47,lightshap,kernel,512,lightshap / kernel,10,10,0,0,45.1592,44.872625,45.34415,47104110.0,0.9347516093114778,10
diabetes_130,linear_regularized,47,lightshap,kernel,1024,lightshap / kernel,10,10,0,0,89.69954999999999,89.4607,90.590225,94208110.0,0.9354713078307633,10
diabetes_130,linear_regularized,47,lightshap,permutation,512,lightshap / permutation,10,10,0,0,43.50125,43.3315,43.972699999999996,45150110.0,0.9376767545785254,10
diabetes_130,linear_regularized,47,lightshap,permutation,1024,lightshap / permutation,10,10,0,0,86.63075,86.01885,87.2372,90206110.0,0.9382483621309686,10
diabetes_130,linear_regularized,47,shap,kernel,512,shap / kernel,10,10,0,0,0.37729999999999997,0.37105,0.383325,512110.0,0.7104015911841968,10
diabetes_130,linear_regularized,47,shap,kernel,1024,shap / kernel,10,10,0,0,0.6542,0.6477999999999999,0.65795,1024110.0,0.7160784116294749,10
diabetes_130,linear_regularized,47,shap,permutation,512,shap / permutation,10,10,0,0,4.45165,4.4002,4.47165,245488.0,0.9450608721991614,10
diabetes_130,linear_regularized,47,shap,permutation,1024,shap / permutation,10,10,0,0,0.2324,0.229275,0.235725,496645.0,0.9455371927050564,10
diabetes_130,linear_regularized,47,shapiq,kernel,512,shapiq / kernel,10,10,0,0,0.8929,0.88975,0.90835,512101.0,0.9351162561403104,10
diabetes_130,linear_regularized,47,shapiq,kernel,1024,shapiq / kernel,10,10,0,0,1.2551999999999999,1.2412,1.2712,1024101.0,0.935350443261791,10
diabetes_130,linear_regularized,47,shapiq,permutation,512,shapiq / permutation,10,10,0,0,3.0147500000000003,2.9743,3.057525,508101.0,0.9382968402722192,10
diabetes_130,linear_regularized,47,shapiq,permutation,1024,shapiq / permutation,10,10,0,0,4.2799499999999995,4.216975,4.357,1014101.0,0.936194392514154,10
diabetes_130,random_forest,14,dalex,permutation,512,dalex / permutation,10,10,0,0,38.56545,37.880425,39.105824999999996,556111.0,0.950856972208943,10
diabetes_130,random_forest,14,dalex,permutation,1024,dalex / permutation,10,10,0,0,75.7966,74.658025,76.83467499999999,1096111.0,0.971453592500026,10
diabetes_130,random_forest,14,lightshap,kernel,512,lightshap / kernel,10,10,0,0,70.8777,68.98075,71.0548,13312110.0,0.9655418315626454,10
diabetes_130,random_forest,14,lightshap,kernel,1024,lightshap / kernel,10,10,0,0,141.38815,138.1927,142.38217500000002,26624110.0,0.9806872267387843,10
diabetes_130,random_forest,14,lightshap,permutation,512,lightshap / permutation,10,10,0,0,67.13955,65.871025,67.728925,11292110.0,0.9656604184497448,10
diabetes_130,random_forest,14,lightshap,permutation,1024,lightshap / permutation,10,10,0,0,134.28334999999998,131.7652,135.0549,22556110.0,0.980886440862544,10
diabetes_130,random_forest,14,shap,kernel,512,shap / kernel,10,10,0,0,1.15835,1.1324,1.19685,512110.0,0.9422433501502179,10
diabetes_130,random_forest,14,shap,kernel,1024,shap / kernel,10,10,0,0,2.1018,2.037375,2.154325,1024110.0,0.9620779078767576,10
diabetes_130,random_forest,14,shap,permutation,512,shap / permutation,10,10,0,0,6.40415,6.373425,6.477449999999999,400753.0,0.9615446554145602,10
diabetes_130,random_forest,14,shap,permutation,1024,shap / permutation,10,10,0,0,4.3222000000000005,4.231075,4.346500000000001,811837.0,0.977440761698187,10
diabetes_130,random_forest,14,shapiq,kernel,512,shapiq / kernel,10,10,0,0,8.06645,7.983224999999999,8.143675,512101.0,0.9151581330941545,10
diabetes_130,random_forest,14,shapiq,kernel,1024,shapiq / kernel,10,10,0,0,9.466999999999999,9.368425,9.540825,1024101.0,0.9600383217573174,10
diabetes_130,random_forest,14,shapiq,permutation,512,shapiq / permutation,10,10,0,0,64.4111,63.772525,64.8153,509101.0,0.9448295911456945,10
diabetes_130,random_forest,14,shapiq,permutation,1024,shapiq / permutation,10,10,0,0,116.12915,115.05305,117.32255,1016101.0,0.9717092859359675,10
diabetes_130,random_forest,24,dalex,permutation,512,dalex / permutation,10,10,0,0,36.3148,36.101325,36.5473,526111.0,0.908986526023039,10
diabetes_130,random_forest,24,dalex,permutation,1024,dalex / permutation,10,10,0,0,73.9499,73.4638,74.997175,1076111.0,0.9439055935629694,10
diabetes_130,random_forest,24,lightshap,kernel,512,lightshap / kernel,10,10,0,0,92.77369999999999,91.803325,93.936575,23552110.0,0.9318246864608127,10
diabetes_130,random_forest,24,lightshap,kernel,1024,lightshap / kernel,10,10,0,0,185.6048,183.254425,188.379775,47104110.0,0.9536678736234874,10
diabetes_130,random_forest,24,lightshap,permutation,512,lightshap / permutation,10,10,0,0,89.4517,88.11652500000001,90.83917500000001,21552110.0,0.9325540375185716,10
diabetes_130,random_forest,24,lightshap,permutation,1024,lightshap / permutation,10,10,0,0,178.36124999999998,175.489025,181.08195,43056110.0,0.9551923592922056,10
diabetes_130,random_forest,24,shap,kernel,512,shap / kernel,10,10,0,0,1.25255,1.228175,1.27485,512110.0,0.8272832102627176,10
diabetes_130,random_forest,24,shap,kernel,1024,shap / kernel,10,10,0,0,2.3513,2.3144,2.377275,1024110.0,0.860883929788405,10
diabetes_130,random_forest,24,shap,permutation,512,shap / permutation,10,10,0,0,5.767849999999999,5.7404,5.822125,312733.0,0.9246370034997584,10
diabetes_130,random_forest,24,shap,permutation,1024,shap / permutation,10,10,0,0,2.9019500000000003,2.837275,2.9547499999999998,613790.5,0.9509337445556927,10
diabetes_130,random_forest,24,shapiq,kernel,512,shapiq / kernel,10,10,0,0,8.08135,7.959325,8.141475,512101.0,0.8205514668642566,10
diabetes_130,random_forest,24,shapiq,kernel,1024,shapiq / kernel,10,10,0,0,9.82215,9.666599999999999,9.86995,1024101.0,0.8931982655273041,10
diabetes_130,random_forest,24,shapiq,permutation,512,shapiq / permutation,10,10,0,0,45.412850000000006,45.010675,45.911375,508101.0,0.9102693580756434,10
diabetes_130,random_forest,24,shapiq,permutation,1024,shapiq / permutation,10,10,0,0,71.87604999999999,71.42155,72.332775,1014101.0,0.9441552556674657,10
diabetes_130,random_forest,47,dalex,permutation,512,dalex / permutation,10,10,0,0,36.932249999999996,36.772875,37.167225,529111.0,0.8141408369204015,10
diabetes_130,random_forest,47,dalex,permutation,1024,dalex / permutation,10,10,0,0,73.8502,73.6506,74.772225,1057111.0,0.8555881659213573,10
diabetes_130,random_forest,47,lightshap,kernel,512,lightshap / kernel,10,10,0,0,149.07979999999998,148.3646,151.49900000000002,47104110.0,0.8199022993856384,10
diabetes_130,random_forest,47,lightshap,kernel,1024,lightshap / kernel,10,10,0,0,297.6011,296.329625,303.517225,94208110.0,0.8502723218431272,10
diabetes_130,random_forest,47,lightshap,permutation,512,lightshap / permutation,10,10,0,0,144.59305,143.710875,147.562625,45150110.0,0.8375405990784344,10
diabetes_130,random_forest,47,lightshap,permutation,1024,lightshap / permutation,10,10,0,0,289.5905,287.663025,294.45045000000005,90206110.0,0.8613223534019407,10
diabetes_130,random_forest,47,shap,kernel,512,shap / kernel,10,10,0,0,1.39585,1.364525,1.440825,512110.0,0.6684714396191977,10
diabetes_130,random_forest,47,shap,kernel,1024,shap / kernel,10,10,0,0,2.7488,2.6765499999999998,2.81865,1024110.0,0.6943367628175645,10
diabetes_130,random_forest,47,shap,permutation,512,shap / permutation,10,10,0,0,5.4558,5.409175,5.51055,245488.0,0.8300838711960616,10
diabetes_130,random_forest,47,shap,permutation,1024,shap / permutation,10,10,0,0,2.4122500000000002,2.375025,2.43555,496645.0,0.8677945962827714,10
diabetes_130,random_forest,47,shapiq,kernel,512,shapiq / kernel,10,10,0,0,8.169450000000001,8.093025,8.1846,512101.0,0.5807751476049791,10
diabetes_130,random_forest,47,shapiq,kernel,1024,shapiq / kernel,10,10,0,0,9.994250000000001,9.92325,10.1839,1024101.0,0.6938456973631899,10
diabetes_130,random_forest,47,shapiq,permutation,512,shapiq / permutation,10,10,0,0,33.1961,32.9066,33.320675,508101.0,0.8094751346380831,10
diabetes_130,random_forest,47,shapiq,permutation,1024,shapiq / permutation,10,10,0,0,47.21015,46.6044,47.452375,1014101.0,0.840944108540558,10
gisette,decision_tree,14,dalex,permutation,512,dalex / permutation,10,10,0,0,3.6824500000000002,3.645575,3.696675,556111.0,0.9154206767965195,10
gisette,decision_tree,14,dalex,permutation,1024,dalex / permutation,10,10,0,0,7.20445,7.177475,7.254675,1096111.0,0.9511743639329465,10
gisette,decision_tree,14,lightshap,kernel,512,lightshap / kernel,10,10,0,0,8.2525,8.141024999999999,8.3062,13312110.0,0.9540633224122014,10
gisette,decision_tree,14,lightshap,kernel,1024,lightshap / kernel,10,10,0,0,16.413899999999998,16.23935,16.531599999999997,26624110.0,0.9689750830216901,10
gisette,decision_tree,14,lightshap,permutation,512,lightshap / permutation,10,10,0,0,7.617850000000001,7.542025000000001,7.6474,11292110.0,0.953937345154944,10
gisette,decision_tree,14,lightshap,permutation,1024,lightshap / permutation,10,10,0,0,15.1633,15.051124999999999,15.2205,22556110.0,0.970244016009641,10
gisette,decision_tree,14,shap,kernel,512,shap / kernel,10,10,0,0,0.12965,0.127775,0.130275,512110.0,0.9279269891199009,10
gisette,decision_tree,14,shap,kernel,1024,shap / kernel,10,10,0,0,0.22135,0.2193,0.22344999999999998,1024110.0,0.9541974401687454,10
gisette,decision_tree,14,shap,permutation,512,shap / permutation,10,10,0,0,4.47295,4.42655,4.503775,392284.0,0.9295362245454263,10
gisette,decision_tree,14,shap,permutation,1024,shap / permutation,10,10,0,0,0.28359999999999996,0.28325,0.2845,794508.0,0.9522567918043826,10
gisette,decision_tree,14,shapiq,kernel,512,shapiq / kernel,10,10,0,0,0.7101,0.69755,0.7161500000000001,512101.0,0.9107893466037262,10
gisette,decision_tree,14,shapiq,kernel,1024,shapiq / kernel,10,10,0,0,0.8854,0.87365,0.895625,1024101.0,0.9462773728247971,10
gisette,decision_tree,14,shapiq,permutation,512,shapiq / permutation,10,10,0,0,4.4944500000000005,4.46085,4.54815,509101.0,0.9195478487357669,10
gisette,decision_tree,14,shapiq,permutation,1024,shapiq / permutation,10,10,0,0,8.0921,8.0228,8.166825,1016101.0,0.954551060720797,10
gisette,decision_tree,64,dalex,permutation,512,dalex / permutation,10,10,0,0,3.95205,3.9203,4.009325,521111.0,0.6461562668529679,10
gisette,decision_tree,64,dalex,permutation,1024,dalex / permutation,10,10,0,0,7.84735,7.8218499999999995,7.9335,1041111.0,0.7392712761762259,10
gisette,decision_tree,64,lightshap,kernel,512,lightshap / kernel,10,10,0,0,41.2416,41.034875,41.68885,64512110.0,0.654211180984058,10
gisette,decision_tree,64,lightshap,kernel,1024,lightshap / kernel,10,10,0,0,82.91499999999999,82.185225,83.44835,129024110.0,0.7288656544737601,10
gisette,decision_tree,64,lightshap,permutation,512,lightshap / permutation,10,10,0,0,39.5415,39.069925,39.653825,62592110.0,0.7104071773383329,10
gisette,decision_tree,64,lightshap,permutation,1024,lightshap / permutation,10,10,0,0,78.318,77.250025,78.582675,125056110.0,0.7827534270309888,10
gisette,decision_tree,64,shap,kernel,512,shap / kernel,10,10,0,0,0.36839999999999995,0.364725,0.37187499999999996,512110.0,0.5051490826017249,10
gisette,decision_tree,64,shap,kernel,1024,shap / kernel,10,10,0,0,0.7505,0.7444000000000001,0.751425,1024110.0,0.5754848371356907,10
gisette,decision_tree,64,shap,permutation,512,shap / permutation,10,10,0,0,4.43995,4.394125000000001,4.495,349256.0,0.6385330134910697,10
gisette,decision_tree,64,shap,permutation,1024,shap / permutation,10,10,0,0,0.3402,0.33904999999999996,0.34765,742156.0,0.7447951281253111,10
gisette,decision_tree,64,shapiq,kernel,512,shapiq / kernel,10,10,0,0,1.16125,1.15555,1.1662750000000002,512101.0,0.4273072613998984,10
gisette,decision_tree,64,shapiq,kernel,1024,shapiq / kernel,10,10,0,0,1.52925,1.5187249999999999,1.541,1024101.0,0.5316796930810097,10
gisette,decision_tree,64,shapiq,permutation,512,shapiq / permutation,10,10,0,0,2.5236,2.5101999999999998,2.5378749999999997,506101.0,0.6575952127268018,10
gisette,decision_tree,64,shapiq,permutation,1024,shapiq / permutation,10,10,0,0,3.8565,3.8412249999999997,3.888,1010101.0,0.7411493022568538,10
gisette,decision_tree,256,dalex,permutation,512,dalex / permutation,10,10,0,0,6.77425,6.732175,6.844275,515111.0,0.3929663431331217,10
gisette,decision_tree,256,dalex,permutation,1024,dalex / permutation,10,10,0,0,13.509,13.4276,13.6029,1029111.0,0.4962108414358398,10
gisette,decision_tree,256,lightshap,kernel,512,lightshap / kernel,10,10,0,0,575.99725,567.62525,577.6684,261120110.0,0.28422873610383725,10
gisette,decision_tree,256,lightshap,kernel,1024,lightshap / kernel,10,10,10,0,,,,,,0
gisette,decision_tree,256,lightshap,permutation,512,lightshap / permutation,10,10,0,0,475.5841,471.626,480.720475,259584110.0,0.4338516916811889,10
gisette,decision_tree,256,lightshap,permutation,1024,lightshap / permutation,10,10,10,0,,,,,,0
gisette,decision_tree,256,shap,kernel,512,shap / kernel,10,10,0,0,1.6972,1.6907,1.7144,512110.0,0.2764819231765793,10
gisette,decision_tree,256,shap,kernel,1024,shap / kernel,10,10,0,0,3.40935,3.399025,3.414275,1024110.0,0.37196589824869214,10
gisette,decision_tree,256,shap,permutation,512,shap / permutation,10,10,0,10,0.0008,0.0008,0.0009,,,10
gisette,decision_tree,256,shap,permutation,1024,shap / permutation,10,10,0,0,6.24545,6.229725,6.314375,589611.5,0.4952513476154402,10
gisette,decision_tree,256,shapiq,kernel,512,shapiq / kernel,10,10,0,0,2.6473,2.63835,2.68635,512101.0,0.14051356616303196,10
gisette,decision_tree,256,shapiq,kernel,1024,shapiq / kernel,10,10,0,0,4.51295,4.411325,4.5485,1024101.0,0.2091470595668668,10
gisette,decision_tree,256,shapiq,permutation,512,shapiq / permutation,10,10,0,0,4.34135,4.140499999999999,4.4825,512101.0,0.37640922476857486,10
gisette,decision_tree,256,shapiq,permutation,1024,shapiq / permutation,10,10,0,0,5.4117,5.381075,5.465175,1022101.0,0.48294895965097717,10
gisette,gradient_boosting,14,dalex,permutation,512,dalex / permutation,10,10,0,0,9.53745,9.4557,9.620949999999999,556111.0,0.9842629528221962,10
gisette,gradient_boosting,14,dalex,permutation,1024,dalex / permutation,10,10,0,0,18.604100000000003,18.55885,18.856225000000002,1096111.0,0.9904689819131839,10
gisette,gradient_boosting,14,lightshap,kernel,512,lightshap / kernel,10,10,0,0,19.4817,19.373775,19.612725,13312110.0,0.9899174849294555,10
gisette,gradient_boosting,14,lightshap,kernel,1024,lightshap / kernel,10,10,0,0,39.11465,38.887,39.2692,26624110.0,0.9934836956619472,10
gisette,gradient_boosting,14,lightshap,permutation,512,lightshap / permutation,10,10,0,0,18.047800000000002,17.95685,18.179275,11292110.0,0.9899750903489617,10
gisette,gradient_boosting,14,lightshap,permutation,1024,lightshap / permutation,10,10,0,0,36.2057,36.001225,36.3412,22556110.0,0.9933178372799731,10
gisette,gradient_boosting,14,shap,kernel,512,shap / kernel,10,10,0,0,0.3349,0.333125,0.33802499999999996,512110.0,0.9764491653891709,10
gisette,gradient_boosting,14,shap,kernel,1024,shap / kernel,10,10,0,0,0.5911,0.58745,0.598725,1024110.0,0.9827088110582376,10
gisette,gradient_boosting,14,shap,permutation,512,shap / permutation,10,10,0,0,4.8119,4.783575,4.845225,392284.0,0.9875698882902887,10
gisette,gradient_boosting,14,shap,permutation,1024,shap / permutation,10,10,0,0,0.96365,0.959375,0.9871749999999999,794508.0,0.9916822752773864,10
gisette,gradient_boosting,14,shapiq,kernel,512,shapiq / kernel,10,10,0,0,1.8835000000000002,1.866075,1.90145,512101.0,0.9825606793360385,10
gisette,gradient_boosting,14,shapiq,kernel,1024,shapiq / kernel,10,10,0,0,2.274,2.2508749999999997,2.2929999999999997,1024101.0,0.9888185838305543,10
gisette,gradient_boosting,14,shapiq,permutation,512,shapiq / permutation,10,10,0,0,14.48165,14.3171,14.639775,509101.0,0.9835513274724718,10
gisette,gradient_boosting,14,shapiq,permutation,1024,shapiq / permutation,10,10,0,0,26.25575,25.809124999999998,26.3759,1016101.0,0.989921577798011,10
gisette,gradient_boosting,64,dalex,permutation,512,dalex / permutation,10,10,0,0,9.831199999999999,9.6875,9.914125,521111.0,0.8737917099365837,10
gisette,gradient_boosting,64,dalex,permutation,1024,dalex / permutation,10,10,0,0,19.5137,19.257175,19.7166,1041111.0,0.9030203331843714,10
gisette,gradient_boosting,64,lightshap,kernel,512,lightshap / kernel,10,10,0,0,72.7101,72.028875,72.94007500000001,64512110.0,0.8870057706866037,10
gisette,gradient_boosting,64,lightshap,kernel,1024,lightshap / kernel,10,10,0,0,145.50345,144.595475,149.1341,129024110.0,0.9088916968996734,10
gisette,gradient_boosting,64,lightshap,permutation,512,lightshap / permutation,10,10,0,0,70.7615,69.67745,70.88155,62592110.0,0.8882893279133722,10
gisette,gradient_boosting,64,lightshap,permutation,1024,lightshap / permutation,10,10,0,0,140.95025,139.872925,141.78665,125056110.0,0.9095153814445972,10
gisette,gradient_boosting,64,shap,kernel,512,shap / kernel,10,10,0,0,0.5570999999999999,0.5502,0.5600499999999999,512110.0,0.5981204957270736,10
gisette,gradient_boosting,64,shap,kernel,1024,shap / kernel,10,10,0,0,1.13635,1.127,1.1444,1024110.0,0.6161789719141815,10
gisette,gradient_boosting,64,shap,permutation,512,shap / permutation,10,10,0,0,4.69605,4.6531,4.72525,349256.0,0.8834788931583095,10
gisette,gradient_boosting,64,shap,permutation,1024,shap / permutation,10,10,0,0,0.70955,0.69475,0.72495,742156.0,0.9066350086955224,10
gisette,gradient_boosting,64,shapiq,kernel,512,shapiq / kernel,10,10,0,0,2.77065,2.742475,2.807325,512101.0,0.7556504773261025,10
gisette,gradient_boosting,64,shapiq,kernel,1024,shapiq / kernel,10,10,0,0,3.2790999999999997,3.2288249999999996,3.3226,1024101.0,0.8226241074133462,10
gisette,gradient_boosting,64,shapiq,permutation,512,shapiq / permutation,10,10,0,0,7.1366,7.001025,7.17795,506101.0,0.874703718181055,10
gisette,gradient_boosting,64,shapiq,permutation,1024,shapiq / permutation,10,10,0,0,10.797450000000001,10.665275,10.838075,1010101.0,0.9016121680948328,10
gisette,gradient_boosting,256,dalex,permutation,512,dalex / permutation,10,10,0,0,13.65345,13.530875,13.6933,515111.0,0.5653018574533066,10
gisette,gradient_boosting,256,dalex,permutation,1024,dalex / permutation,10,10,0,0,27.1622,26.8359,27.2025,1029111.0,0.6268579455692378,10
gisette,gradient_boosting,256,lightshap,kernel,512,lightshap / kernel,10,10,10,0,,,,,,0
gisette,gradient_boosting,256,lightshap,kernel,1024,lightshap / kernel,10,10,10,0,,,,,,0
gisette,gradient_boosting,256,lightshap,permutation,512,lightshap / permutation,10,10,0,0,534.7983,533.82055,542.868575,259584110.0,0.5904175657491786,10
gisette,gradient_boosting,256,lightshap,permutation,1024,lightshap / permutation,10,10,10,0,,,,,,0
gisette,gradient_boosting,256,shap,kernel,512,shap / kernel,10,10,0,0,1.83125,1.808325,1.847625,512110.0,0.2860077190011102,10
gisette,gradient_boosting,256,shap,kernel,1024,shap / kernel,10,10,0,0,3.74945,3.705775,3.7769749999999997,1024110.0,0.31694406027348954,10
gisette,gradient_boosting,256,shap,permutation,512,shap / permutation,10,10,0,10,0.0008,0.0008,0.0008,,,10
gisette,gradient_boosting,256,shap,permutation,1024,shap / permutation,10,10,0,0,6.435499999999999,6.42575,6.45615,589611.5,0.6297438043602946,10
gisette,gradient_boosting,256,shapiq,kernel,512,shapiq / kernel,10,10,0,0,4.18835,4.166525,4.258525,512101.0,0.28712924755537306,10
gisette,gradient_boosting,256,shapiq,kernel,1024,shapiq / kernel,10,10,0,0,5.9443,5.9201999999999995,5.97785,1024101.0,0.3764295469025816,10
gisette,gradient_boosting,256,shapiq,permutation,512,shapiq / permutation,10,10,0,0,8.37145,8.289525000000001,8.455075,512101.0,0.5649821735111358,10
gisette,gradient_boosting,256,shapiq,permutation,1024,shapiq / permutation,10,10,0,0,9.531849999999999,9.461975,9.620425,1022101.0,0.6207054858046243,10
gisette,linear_regularized,14,dalex,permutation,512,dalex / permutation,10,10,0,0,3.8016,3.7694,3.838425,556111.0,0.9974545756980339,10
gisette,linear_regularized,14,dalex,permutation,1024,dalex / permutation,10,10,0,0,7.4746500000000005,7.4030000000000005,7.5001999999999995,1096111.0,0.9978434885946326,10
gisette,linear_regularized,14,lightshap,kernel,512,lightshap / kernel,10,10,0,0,8.1258,8.033725,8.214275,13312110.0,0.9974545756980339,10
gisette,linear_regularized,14,lightshap,kernel,1024,lightshap / kernel,10,10,0,0,16.20495,16.012725,16.262124999999997,26624110.0,0.9978434885946326,10
gisette,linear_regularized,14,lightshap,permutation,512,lightshap / permutation,10,10,0,0,7.53125,7.481425,7.5531500000000005,11292110.0,0.9974545756980339,10
gisette,linear_regularized,14,lightshap,permutation,1024,lightshap / permutation,10,10,0,0,14.9702,14.85365,15.080625,22556110.0,0.9978434885946326,10
gisette,linear_regularized,14,shap,kernel,512,shap / kernel,10,10,0,0,0.16775,0.15362499999999998,0.173625,512110.0,0.9847274541882028,10
gisette,linear_regularized,14,shap,kernel,1024,shap / kernel,10,10,0,0,0.2435,0.23875,0.2447,1024110.0,0.9870609315677956,10
gisette,linear_regularized,14,shap,permutation,512,shap / permutation,10,10,0,0,4.434900000000001,4.406975,4.473625,392284.0,0.9974545756980339,10
gisette,linear_regularized,14,shap,permutation,1024,shap / permutation,10,10,0,0,0.28025,0.2779,0.2824,794508.0,0.9978434885946326,10
gisette,linear_regularized,14,shapiq,kernel,512,shapiq / kernel,10,10,0,0,0.7253499999999999,0.7111000000000001,0.729625,512101.0,0.9974545756980339,10
gisette,linear_regularized,14,shapiq,kernel,1024,shapiq / kernel,10,10,0,0,0.8888499999999999,0.873825,0.897925,1024101.0,0.9978434885946326,10
gisette,linear_regularized,14,shapiq,permutation,512,shapiq / permutation,10,10,0,0,4.7948,4.722424999999999,4.82715,509101.0,0.9974545756980339,10
gisette,linear_regularized,14,shapiq,permutation,1024,shapiq / permutation,10,10,0,0,8.59765,8.55785,8.74465,1016101.0,0.9978434885946326,10
gisette,linear_regularized,64,dalex,permutation,512,dalex / permutation,10,10,0,0,4.2331,4.1988,4.268800000000001,521111.0,0.9280459186910734,10
gisette,linear_regularized,64,dalex,permutation,1024,dalex / permutation,10,10,0,0,8.3527,8.299325,8.406975000000001,1041111.0,0.9334741180979573,10
gisette,linear_regularized,64,lightshap,kernel,512,lightshap / kernel,10,10,0,0,51.3078,50.906324999999995,51.600075,64512110.0,0.9280459186910734,10
gisette,linear_regularized,64,lightshap,kernel,1024,lightshap / kernel,10,10,0,0,103.59145,102.9125,104.41340000000001,129024110.0,0.9334741180979573,10
gisette,linear_regularized,64,lightshap,permutation,512,lightshap / permutation,10,10,0,0,49.9158,49.308375,50.284075,62592110.0,0.9280459186910734,10
gisette,linear_regularized,64,lightshap,permutation,1024,lightshap / permutation,10,10,0,0,99.62695,98.28960000000001,100.21435,125056110.0,0.9334741180979573,10
gisette,linear_regularized,64,shap,kernel,512,shap / kernel,10,10,0,0,0.3992,0.39432500000000004,0.4073,512110.0,0.5682755121464411,10
gisette,linear_regularized,64,shap,kernel,1024,shap / kernel,10,10,0,0,0.7878499999999999,0.782475,0.796975,1024110.0,0.6008447085877442,10
gisette,linear_regularized,64,shap,permutation,512,shap / permutation,10,10,0,0,4.52825,4.4940500000000005,4.5573500000000005,349256.0,0.9280459186910734,10
gisette,linear_regularized,64,shap,permutation,1024,shap / permutation,10,10,0,0,0.36319999999999997,0.35285,0.3696,742156.0,0.9334741180979573,10
gisette,linear_regularized,64,shapiq,kernel,512,shapiq / kernel,10,10,0,0,1.10325,1.093925,1.11535,512101.0,0.9280459186910734,10
gisette,linear_regularized,64,shapiq,kernel,1024,shapiq / kernel,10,10,0,0,1.5436,1.5248499999999998,1.5459749999999999,1024101.0,0.9334741180979573,10
gisette,linear_regularized,64,shapiq,permutation,512,shapiq / permutation,10,10,0,0,2.66925,2.621575,2.69575,506101.0,0.9280459186910734,10
gisette,linear_regularized,64,shapiq,permutation,1024,shapiq / permutation,10,10,0,0,4.06895,4.044375,4.1193,1010101.0,0.9334741180979573,10
gisette,linear_regularized,256,dalex,permutation,512,dalex / permutation,10,10,0,0,7.111549999999999,7.067825,7.15155,515111.0,0.8508464686201049,10
gisette,linear_regularized,256,dalex,permutation,1024,dalex / permutation,10,10,0,0,14.069700000000001,14.021875,14.1762,1029111.0,0.823188346972567,10
gisette,linear_regularized,256,lightshap,kernel,512,lightshap / kernel,10,10,0,0,558.41905,554.2717749999999,564.239275,261120110.0,0.8508464686201049,10
gisette,linear_regularized,256,lightshap,kernel,1024,lightshap / kernel,10,10,10,0,,,,,,0
gisette,linear_regularized,256,lightshap,permutation,512,lightshap / permutation,10,10,0,0,542.41515,536.811425,551.34775,259584110.0,0.8508464686201049,10
gisette,linear_regularized,256,lightshap,permutation,1024,lightshap / permutation,10,10,10,0,,,,,,0
gisette,linear_regularized,256,shap,kernel,512,shap / kernel,10,10,0,0,1.7237,1.706675,1.734775,512110.0,0.2542323431005249,10
gisette,linear_regularized,256,shap,kernel,1024,shap / kernel,10,10,0,0,3.33995,3.32375,3.3440499999999997,1024110.0,0.2927533878902688,10
gisette,linear_regularized,256,shap,permutation,512,shap / permutation,10,10,0,10,0.0008,0.0008,0.000875,,,10
gisette,linear_regularized,256,shap,permutation,1024,shap / permutation,10,10,0,0,6.17645,6.143750000000001,6.206625,589611.5,0.823188346972567,10
gisette,linear_regularized,256,shapiq,kernel,512,shapiq / kernel,10,10,0,0,2.71375,2.70925,2.733375,512101.0,0.8508464686201049,10
gisette,linear_regularized,256,shapiq,kernel,1024,shapiq / kernel,10,10,0,0,4.25765,4.2367,4.2765249999999995,1024101.0,0.823188346972567,10
gisette,linear_regularized,256,shapiq,permutation,512,shapiq / permutation,10,10,0,0,4.336650000000001,4.30655,4.357475,512101.0,0.8508464686201049,10
gisette,linear_regularized,256,shapiq,permutation,1024,shapiq / permutation,10,10,0,0,5.274900000000001,5.2192,5.307425,1022101.0,0.823188346972567,10
gisette,random_forest,14,dalex,permutation,512,dalex / permutation,10,10,0,0,38.6815,38.47985,39.1191,556111.0,0.9769135143921794,10
gisette,random_forest,14,dalex,permutation,1024,dalex / permutation,10,10,0,0,75.76805,75.356475,76.222575,1096111.0,0.9842320528015441,10
gisette,random_forest,14,lightshap,kernel,512,lightshap / kernel,10,10,0,0,64.58930000000001,63.43595,65.460475,13312110.0,0.9849815360484654,10
gisette,random_forest,14,lightshap,kernel,1024,lightshap / kernel,10,10,0,0,129.0965,127.3962,130.55622499999998,26624110.0,0.9888090684796341,10
gisette,random_forest,14,lightshap,permutation,512,lightshap / permutation,10,10,0,0,60.67555,60.117575,61.464225,11292110.0,0.9851823873196472,10
gisette,random_forest,14,lightshap,permutation,1024,lightshap / permutation,10,10,0,0,121.29140000000001,119.728025,122.68164999999999,22556110.0,0.9890288486994142,10
gisette,random_forest,14,shap,kernel,512,shap / kernel,10,10,0,0,1.2891,1.2390249999999998,1.302125,512110.0,0.968819064751137,10
gisette,random_forest,14,shap,kernel,1024,shap / kernel,10,10,0,0,2.32265,2.213925,2.338675,1024110.0,0.9780603759607946,10
gisette,random_forest,14,shap,permutation,512,shap / permutation,10,10,0,0,6.4226,6.378025,6.459849999999999,392284.0,0.9801385947630449,10
gisette,random_forest,14,shap,permutation,1024,shap / permutation,10,10,0,0,4.2532,4.185650000000001,4.301825,794508.0,0.9871566239627267,10
gisette,random_forest,14,shapiq,kernel,512,shapiq / kernel,10,10,0,0,8.0204,7.972675000000001,8.1023,512101.0,0.9689476063955276,10
gisette,random_forest,14,shapiq,kernel,1024,shapiq / kernel,10,10,0,0,9.459050000000001,9.325825,9.609025,1024101.0,0.9771300203171152,10
gisette,random_forest,14,shapiq,permutation,512,shapiq / permutation,10,10,0,0,64.20335,63.487624999999994,64.706625,509101.0,0.9756108970141073,10
gisette,random_forest,14,shapiq,permutation,1024,shapiq / permutation,10,10,0,0,116.66205,114.56767500000001,117.3878,1016101.0,0.9850749529308906,10
gisette,random_forest,64,dalex,permutation,512,dalex / permutation,10,10,0,0,36.7186,36.30795,36.960775,521111.0,0.8496693472908157,10
gisette,random_forest,64,dalex,permutation,1024,dalex / permutation,10,10,0,0,73.00514999999999,72.052625,73.32220000000001,1041111.0,0.8826033021226197,10
gisette,random_forest,64,lightshap,kernel,512,lightshap / kernel,10,10,0,0,140.06125,137.73692499999999,141.20645000000002,64512110.0,0.8687678114368045,10
gisette,random_forest,64,lightshap,kernel,1024,lightshap / kernel,10,10,0,0,280.76945,276.53477499999997,282.82349999999997,129024110.0,0.893088477228154,10
gisette,random_forest,64,lightshap,permutation,512,lightshap / permutation,10,10,0,0,135.91545000000002,133.61472500000002,137.6119,62592110.0,0.871728612411879,10
gisette,random_forest,64,lightshap,permutation,1024,lightshap / permutation,10,10,0,0,271.58825,266.674525,274.75165,125056110.0,0.8946970202493434,10
gisette,random_forest,64,shap,kernel,512,shap / kernel,10,10,0,0,1.30605,1.289825,1.329825,512110.0,0.583977948839271,10
gisette,random_forest,64,shap,kernel,1024,shap / kernel,10,10,0,0,2.9657,2.9395000000000002,3.0677499999999998,1024110.0,0.6069769621675999,10
gisette,random_forest,64,shap,permutation,512,shap / permutation,10,10,0,0,5.21875,5.1919,5.231,349256.0,0.8609178643863885,10
gisette,random_forest,64,shap,permutation,1024,shap / permutation,10,10,0,0,1.93575,1.919225,1.955925,742156.0,0.889702174518318,10
gisette,random_forest,64,shapiq,kernel,512,shapiq / kernel,10,10,0,0,8.24905,8.179525,8.360824999999998,512101.0,0.680728110520742,10
gisette,random_forest,64,shapiq,kernel,1024,shapiq / kernel,10,10,0,0,9.71695,9.631874999999999,9.859475,1024101.0,0.7613805762930588,10
gisette,random_forest,64,shapiq,permutation,512,shapiq / permutation,10,10,0,0,26.8541,26.535225,27.104275,506101.0,0.8536681795967397,10
gisette,random_forest,64,shapiq,permutation,1024,shapiq / permutation,10,10,0,0,40.40335,40.18455,41.0186,1010101.0,0.8864881353838745,10
gisette,random_forest,256,dalex,permutation,512,dalex / permutation,10,10,0,0,38.695949999999996,38.486374999999995,38.98735,515111.0,0.41333675708114626,10
gisette,random_forest,256,dalex,permutation,1024,dalex / permutation,10,10,0,0,77.27335,76.900875,77.64952500000001,1029111.0,0.5665307090113691,10
gisette,random_forest,256,lightshap,kernel,512,lightshap / kernel,10,10,10,0,,,,,,0
gisette,random_forest,256,lightshap,kernel,1024,lightshap / kernel,10,10,10,0,,,,,,0
gisette,random_forest,256,lightshap,permutation,512,lightshap / permutation,10,10,10,0,,,,,,0
gisette,random_forest,256,lightshap,permutation,1024,lightshap / permutation,10,10,10,0,,,,,,0
gisette,random_forest,256,shap,kernel,512,shap / kernel,10,10,0,0,3.0597000000000003,3.039975,3.0818250000000003,512110.0,0.2761453248316822,10
gisette,random_forest,256,shap,kernel,1024,shap / kernel,10,10,0,0,6.15,6.120625,6.215075000000001,1024110.0,0.3142505729473299,10
gisette,random_forest,256,shap,permutation,512,shap / permutation,10,10,0,10,0.0008,0.0008,0.000975,,,10
gisette,random_forest,256,shap,permutation,1024,shap / permutation,10,10,0,0,7.6918500000000005,7.655424999999999,7.72365,589611.5,0.5621576661258505,10
gisette,random_forest,256,shapiq,kernel,512,shapiq / kernel,10,10,0,0,9.7144,9.638925,9.826675000000002,512101.0,0.25724417085560225,10
gisette,random_forest,256,shapiq,kernel,1024,shapiq / kernel,10,10,0,0,12.61205,12.553175,12.717075,1024101.0,0.3334287264830762,10
gisette,random_forest,256,shapiq,permutation,512,shapiq / permutation,10,10,0,0,22.71145,22.604300000000002,22.8204,512101.0,0.4122632485104898,10
gisette,random_forest,256,shapiq,permutation,1024,shapiq / permutation,10,10,0,0,24.20995,24.009774999999998,24.296175,1022101.0,0.5642658874061691,10
